candidate_type,complex_id,pdb_id,chain,structure_chain,partner_structure_chain,target_species,source_uniprot,target_uniprot,structure_file,n_selected_residues,selected_reference_residues,structure_chain_residue_min,structure_chain_residue_max,exact_found_residues,exact_missing_residues,exact_n_found,exact_fraction_found,exact_min_distance_to_partner,exact_median_distance_to_partner,exact_n_within_near_cutoff,exact_fraction_within_near_cutoff,exact_n_within_interface_cutoff,exact_fraction_within_interface_cutoff,exact_distance_by_reference_residue,remapped_reference_to_structure_residue,remapped_missing_reference_residues,remapped_n_found,remapped_fraction_found,remapped_min_distance_to_partner,remapped_median_distance_to_partner,remapped_n_within_near_cutoff,remapped_fraction_within_near_cutoff,remapped_n_within_interface_cutoff,remapped_fraction_within_interface_cutoff,remapped_distance_by_reference_residue,qc_status,qc_note,contrast_class,contrast_priority
priority_1: SIRT6-nucleosome long-lived interface divergence candidate,8g57__A1_Q8N6T7--8g57__H1_P04908,8g57,ligand,G,K,myotis_lucifugus,P04908,G1P399,data\interim\pdb\8g57.pdb,12,116;115;114;113;112;117;111;110;12;53;61;46,11,128,116;115;114;113;112;117;111;110;12;53;61;46,"",12,1.0,2.503126621246338,12.318181991577148,1,0.08333333333333333,2,0.16666666666666666,116:9.278;115:14.596;114:12.626;113:9.509;112:12.710;117:11.405;111:12.657;110:12.010;12:26.679;53:6.425;61:2.503;46:15.818,12:22;46:56;53:63;61:71;110:120;111:121;112:122;113:123;114:124;115:125;116:126;117:127,"",12,1.0,2.741665840148926,6.094913482666016,4,0.3333333333333333,12,1.0,12:6.794;46:2.742;53:7.553;61:7.319;110:6.839;111:6.210;112:6.026;113:6.164;114:3.269;115:4.388;116:3.496;117:5.628,remapped_interface_supported,QC compares exact reference-number selections and alignment-remapped selections. Manual structure review is still recommended for final figures.,long_lived_specific_interface_divergence,1.0
priority_1: SIRT6-nucleosome long-lived interface divergence candidate,8g57__A1_Q8N6T7--8g57__H1_P04908,8g57,ligand,G,K,naked_mole_rat,P04908,G5BV53,data\interim\pdb\8g57.pdb,12,47;46;48;49;45;50;51;117;42;14;54;52,11,128,47;46;48;49;45;50;51;117;42;14;54;52,"",12,1.0,7.646001815795898,12.1799955368042,0,0.0,1,0.08333333333333333,47:15.247;46:15.818;48:12.955;49:10.788;45:18.352;50:11.080;51:10.731;117:11.405;42:26.174;14:21.005;54:8.054;52:7.646,14:24;42:52;45:55;46:56;47:57;48:58;49:59;50:60;51:61;52:62;54:64;117:127,"",12,1.0,2.503126621246338,5.505908489227295,5,0.4166666666666667,12,1.0,14:5.384;42:7.646;45:7.548;46:2.742;47:3.512;48:6.495;49:6.611;50:3.238;51:2.503;52:6.369;54:3.069;117:5.628,remapped_interface_supported,QC compares exact reference-number selections and alignment-remapped selections. Manual structure review is still recommended for final figures.,long_lived_specific_interface_divergence,1.0
priority_2: NF-kappaB regulatory-interface rewiring candidate,1nfi__A1_Q04206--1nfi__F1_P25963,1nfi,receptor,C,E,myotis_lucifugus,Q04206,G1PC32,data\interim\pdb\1nfi.pdb,12,162;4;291;290;295;287;288;3;294;292;285;293,20,320,162;291;290;295;287;288;294;292;285;293,4;3,10,0.8333333333333334,2.481743335723877,10.358558177947998,2,0.2,4,0.4,162:17.108;291:8.670;290:12.047;295:2.975;287:16.129;288:13.566;294:2.482;292:6.608;285:19.195;293:5.976,3:22;4:23;162:181;285:304;287:306;288:307;290:309;291:310;292:311;293:312;294:313;295:314,"",12,1.0,2.5918056964874268,5.122094035148621,6,0.5,12,1.0,3:7.738;4:6.389;162:3.061;285:2.592;287:3.959;288:6.340;290:3.441;291:6.285;292:7.532;293:3.701;294:3.695;295:6.621,remapped_interface_supported,QC compares exact reference-number selections and alignment-remapped selections. Manual structure review is still recommended for final figures.,long_lived_enhanced_interface_divergence,2.0
priority_2: NF-kappaB regulatory-interface rewiring candidate,1nfi__A1_Q04206--1nfi__F1_P25963,1nfi,receptor,C,E,naked_mole_rat,Q04206,ENSHGLP00100021729.1,data\interim\pdb\1nfi.pdb,12,162;291;290;295;288;292;287;294;3;285;283;289,20,320,162;291;290;295;288;292;287;294;285;283;289,3,11,0.9166666666666666,2.481743335723877,13.488051414489746,2,0.18181818181818182,3,0.2727272727272727,162:17.108;291:8.670;290:12.047;295:2.975;288:13.566;292:6.608;287:16.129;294:2.482;285:19.195;283:21.514;289:13.488,3:22;162:181;283:302;285:304;287:306;288:307;289:308;290:309;291:310;292:311;294:313;295:314,"",12,1.0,2.5918056964874268,4.280490517616272,7,0.5833333333333334,12,1.0,3:7.738;162:3.061;283:2.820;285:2.592;287:3.959;288:6.340;289:4.602;290:3.441;291:6.285;292:7.532;294:3.695;295:6.621,remapped_interface_supported,QC compares exact reference-number selections and alignment-remapped selections. Manual structure review is still recommended for final figures.,long_lived_enhanced_interface_divergence,2.0
priority_3: PARP1-linked cautious long-lived-specific candidate,7s68__D1_P09874--7s68__C1_P09874,7s68,receptor,A,B,naked_mole_rat,P09874,ENSHGLP00100023082.1,data\interim\pdb\7s68.pdb,12,1;36;38;37;40;41;2;39;43;42;177;175,5,359,36;38;37;40;41;39;43;42,1;2;177;175,8,0.6666666666666666,3.1718192100524902,5.980644583702087,4,0.5,4,0.5,36:17.260;38:10.609;37:13.811;40:3.652;41:3.847;39:8.114;43:3.172;42:3.525,1:5;2:6;36:40;37:41;38:42;39:43;40:44;41:45;42:46;43:47;175:311;177:313,"",12,1.0,2.8544931411743164,4.695635557174683,6,0.5,12,1.0,1:7.425;2:6.280;36:3.652;37:3.847;38:3.525;39:3.172;40:4.014;41:2.854;42:5.378;43:6.406;175:7.293;177:7.029,remapped_interface_supported,QC compares exact reference-number selections and alignment-remapped selections. Manual structure review is still recommended for final figures.,long_lived_specific_interface_divergence,1.0
priority_4: SIRT6-nucleosome maintained-interface candidate,8f86__K1_Q8N6T7--8f86__D1_P02281,8f86,receptor,K,D,myotis_lucifugus,Q8N6T7,G1PC24,data\interim\pdb\8f86.pdb,8,173;174;175;177;169;171;170;172,2,290,173;174;175;177;169;171;170;172,"",8,1.0,3.304006814956665,4.901607513427734,4,0.5,6,0.75,173:3.758;174:4.234;175:3.535;177:8.697;169:8.298;171:5.569;170:6.965;172:3.304,169:170;170:171;171:172;172:173;173:174;174:175;175:176;177:178,"",8,1.0,3.304006814956665,4.5484960079193115,5,0.625,8,1.0,169:6.965;170:5.569;171:3.304;172:3.758;173:4.234;174:3.535;175:5.172;177:4.863,remapped_interface_supported,QC compares exact reference-number selections and alignment-remapped selections. Manual structure review is still recommended for final figures.,long_lived_specific_interface_constraint,3.0
priority_5: shared constrained-interface anchor,4xhu__A1_P09874--4xhu__B1_Q9UNS1,4xhu,receptor,C,D,mouse,P09874,Q921K2,data\interim\pdb\4xhu.pdb,12,207;220;204;219;218;203;201;252;202;315;317;208,665,1009,"",207;220;204;219;218;203;201;252;202;315;317;208,0,0.0,,,0,0.0,0,0.0,"",201:876;202:877;203:878;204:879;207:882;208:883;218:893;219:894;220:895;252:927;315:991;317:993,"",12,1.0,2.6562893390655518,5.751685619354248,4,0.3333333333333333,12,1.0,201:7.182;202:5.103;203:3.359;204:2.768;207:3.147;208:6.409;218:5.417;219:7.021;220:6.087;252:6.898;315:7.112;317:2.656,remapped_interface_supported,QC compares exact reference-number selections and alignment-remapped selections. Manual structure review is still recommended for final figures.,not_applicable,
priority_5: shared constrained-interface anchor,4xhu__A1_P09874--4xhu__B1_Q9UNS1,4xhu,receptor,C,D,myotis_lucifugus,P09874,G1PK82,data\interim\pdb\4xhu.pdb,12,207;218;201;203;219;251;220;208;202;200;206;252,665,1009,"",207;218;201;203;219;251;220;208;202;200;206;252,0,0.0,,,0,0.0,0,0.0,"",200:875;201:876;202:877;203:878;206:881;207:882;208:883;218:893;219:894;220:895;251:926;252:927,"",12,1.0,3.1472737789154053,6.247684955596924,3,0.25,12,1.0,200:7.232;201:7.182;202:5.103;203:3.359;206:4.781;207:3.147;208:6.409;218:5.417;219:7.021;220:6.087;251:7.945;252:6.898,remapped_interface_supported,QC compares exact reference-number selections and alignment-remapped selections. Manual structure review is still recommended for final figures.,shared_interface_constraint,6.0
priority_5: shared constrained-interface anchor,4xhu__A1_P09874--4xhu__B1_Q9UNS1,4xhu,receptor,C,D,naked_mole_rat,P09874,ENSHGLP00100023082.1,data\interim\pdb\4xhu.pdb,12,207;218;220;204;203;202;219;317;201;315;253;208,665,1009,"",207;218;220;204;203;202;219;317;201;315;253;208,0,0.0,,,0,0.0,0,0.0,"",201:876;202:877;203:878;204:879;207:882;208:883;218:893;219:894;220:895;253:928;315:991;317:993,"",12,1.0,2.6562893390655518,5.259838819503784,5,0.4166666666666667,12,1.0,201:7.182;202:5.103;203:3.359;204:2.768;207:3.147;208:6.409;218:5.417;219:7.021;220:6.087;253:4.202;315:7.112;317:2.656,remapped_interface_supported,QC compares exact reference-number selections and alignment-remapped selections. Manual structure review is still recommended for final figures.,shared_interface_constraint,6.0
priority_6: singleton divergent outlier / artifact-risk benchmark,8bhv__N1_P12956--8bhv__I1_Q9H9Q4,8bhv,ligand,Q,h,mouse,Q9H9Q4,NHEJ1_MOUSE,data\interim\pdb\8bhv.cif,7,170;171;172;168;173;169;167,1,299,170;171;172;168;173;169;167,"",7,1.0,7.739899635314941,14.730632781982422,0,0.0,1,0.14285714285714285,170:16.330;171:12.552;172:10.003;168:14.731;173:7.740;169:16.876;167:15.454,167:173;168:174;169:175;170:176;171:177;172:178;173:179,"",7,1.0,2.406111478805542,3.6037352085113525,5,0.7142857142857143,7,1.0,167:7.740;168:4.172;169:3.021;170:2.666;171:3.604;172:2.406;173:7.802,remapped_interface_supported,QC compares exact reference-number selections and alignment-remapped selections. Manual structure review is still recommended for final figures.,not_applicable,
priority_6: singleton divergent outlier / artifact-risk benchmark,8bhv__P1_P13010--8bhv__J1_Q9H9Q4,8bhv,ligand,R,j,mouse,Q9H9Q4,NHEJ1_MOUSE,data\interim\pdb\8bhv.cif,7,221;220;224;225;222;223;219,1,299,221;220;224;222;223;219,225,6,0.8571428571428571,57.502601623535156,61.94437026977539,0,0.0,0,0.0,221:63.606;220:61.759;224:57.503;222:62.130;223:58.001;219:62.346,219:293;220:294;221:295;222:296;223:297;224:298;225:299,"",7,1.0,2.4246835708618164,3.2715048789978027,7,1.0,7,1.0,219:3.503;220:4.365;221:2.425;222:3.233;223:3.272;224:3.188;225:3.493,remapped_interface_supported,QC compares exact reference-number selections and alignment-remapped selections. Manual structure review is still recommended for final figures.,not_applicable,
