candidate_type,complex_id,pdb_id,chain,target_species,contrast_class,qc_status,structure_chain,partner_structure_chain,n_reference_residues,n_remapped_structure_residues,remapped_fraction_found,remapped_fraction_within_interface_cutoff,reference_residues,structure_residues,reference_to_structure_mapping,pymol_selection_name,pymol_patch_selection,pymol_partner_selection,pymol_display_hint,chimerax_patch_selection,chimerax_partner_selection,chimerax_display_hint,molstar_note
priority_1: SIRT6-nucleosome long-lived interface divergence candidate,8g57__A1_Q8N6T7--8g57__H1_P04908,8g57,ligand,myotis_lucifugus,long_lived_specific_interface_divergence,remapped_interface_supported,G,K,12,12,1.0,1.0,116;115;114;113;112;117;111;110;12;53;61;46,22;56;63;71;120;121;122;123;124;125;126;127,12->22;46->56;53->63;61->71;110->120;111->121;112->122;113->123;114->124;115->125;116->126;117->127,8g57_ligand_g_k_myotis_lucifugus_long_lived_specific_interface_divergence_patch,"select 8g57_ligand_g_k_myotis_lucifugus_long_lived_specific_interface_divergence_patch, chain G and resi 22+56+63+71+120+121+122+123+124+125+126+127","select 8g57_ligand_g_k_myotis_lucifugus_partner, chain K","show sticks, 8g57_ligand_g_k_myotis_lucifugus_long_lived_specific_interface_divergence_patch; show surface, chain K; color yellow, 8g57_ligand_g_k_myotis_lucifugus_long_lived_specific_interface_divergence_patch; color cyan, 8g57_ligand_g_k_myotis_lucifugus_partner","select /G:22,56,63,71,120,121,122,123,124,125,126,127",select /K,"style /G:22,56,63,71,120,121,122,123,124,125,126,127 stick; surface /K",Select chain G residues 22;56;63;71;120;121;122;123;124;125;126;127; partner chain K.
priority_1: SIRT6-nucleosome long-lived interface divergence candidate,8g57__A1_Q8N6T7--8g57__H1_P04908,8g57,ligand,naked_mole_rat,long_lived_specific_interface_divergence,remapped_interface_supported,G,K,12,12,1.0,1.0,47;46;48;49;45;50;51;117;42;14;54;52,24;52;55;56;57;58;59;60;61;62;64;127,14->24;42->52;45->55;46->56;47->57;48->58;49->59;50->60;51->61;52->62;54->64;117->127,8g57_ligand_g_k_naked_mole_rat_long_lived_specific_interface_divergence_patch,"select 8g57_ligand_g_k_naked_mole_rat_long_lived_specific_interface_divergence_patch, chain G and resi 24+52+55+56+57+58+59+60+61+62+64+127","select 8g57_ligand_g_k_naked_mole_rat_partner, chain K","show sticks, 8g57_ligand_g_k_naked_mole_rat_long_lived_specific_interface_divergence_patch; show surface, chain K; color yellow, 8g57_ligand_g_k_naked_mole_rat_long_lived_specific_interface_divergence_patch; color cyan, 8g57_ligand_g_k_naked_mole_rat_partner","select /G:24,52,55,56,57,58,59,60,61,62,64,127",select /K,"style /G:24,52,55,56,57,58,59,60,61,62,64,127 stick; surface /K",Select chain G residues 24;52;55;56;57;58;59;60;61;62;64;127; partner chain K.
priority_2: NF-kappaB regulatory-interface rewiring candidate,1nfi__A1_Q04206--1nfi__F1_P25963,1nfi,receptor,myotis_lucifugus,long_lived_enhanced_interface_divergence,remapped_interface_supported,C,E,12,12,1.0,1.0,162;4;291;290;295;287;288;3;294;292;285;293,22;23;181;304;306;307;309;310;311;312;313;314,3->22;4->23;162->181;285->304;287->306;288->307;290->309;291->310;292->311;293->312;294->313;295->314,1nfi_receptor_c_e_myotis_lucifugus_long_lived_enhanced_interface_divergence_patch,"select 1nfi_receptor_c_e_myotis_lucifugus_long_lived_enhanced_interface_divergence_patch, chain C and resi 22+23+181+304+306+307+309+310+311+312+313+314","select 1nfi_receptor_c_e_myotis_lucifugus_partner, chain E","show sticks, 1nfi_receptor_c_e_myotis_lucifugus_long_lived_enhanced_interface_divergence_patch; show surface, chain E; color yellow, 1nfi_receptor_c_e_myotis_lucifugus_long_lived_enhanced_interface_divergence_patch; color cyan, 1nfi_receptor_c_e_myotis_lucifugus_partner","select /C:22,23,181,304,306,307,309,310,311,312,313,314",select /E,"style /C:22,23,181,304,306,307,309,310,311,312,313,314 stick; surface /E",Select chain C residues 22;23;181;304;306;307;309;310;311;312;313;314; partner chain E.
priority_2: NF-kappaB regulatory-interface rewiring candidate,1nfi__A1_Q04206--1nfi__F1_P25963,1nfi,receptor,naked_mole_rat,long_lived_enhanced_interface_divergence,remapped_interface_supported,C,E,12,12,1.0,1.0,162;291;290;295;288;292;287;294;3;285;283;289,22;181;302;304;306;307;308;309;310;311;313;314,3->22;162->181;283->302;285->304;287->306;288->307;289->308;290->309;291->310;292->311;294->313;295->314,1nfi_receptor_c_e_naked_mole_rat_long_lived_enhanced_interface_divergence_patch,"select 1nfi_receptor_c_e_naked_mole_rat_long_lived_enhanced_interface_divergence_patch, chain C and resi 22+181+302+304+306+307+308+309+310+311+313+314","select 1nfi_receptor_c_e_naked_mole_rat_partner, chain E","show sticks, 1nfi_receptor_c_e_naked_mole_rat_long_lived_enhanced_interface_divergence_patch; show surface, chain E; color yellow, 1nfi_receptor_c_e_naked_mole_rat_long_lived_enhanced_interface_divergence_patch; color cyan, 1nfi_receptor_c_e_naked_mole_rat_partner","select /C:22,181,302,304,306,307,308,309,310,311,313,314",select /E,"style /C:22,181,302,304,306,307,308,309,310,311,313,314 stick; surface /E",Select chain C residues 22;181;302;304;306;307;308;309;310;311;313;314; partner chain E.
priority_3: PARP1-linked cautious long-lived-specific candidate,7s68__D1_P09874--7s68__C1_P09874,7s68,receptor,naked_mole_rat,long_lived_specific_interface_divergence,remapped_interface_supported,A,B,12,12,1.0,1.0,1;36;38;37;40;41;2;39;43;42;177;175,5;6;40;41;42;43;44;45;46;47;311;313,1->5;2->6;36->40;37->41;38->42;39->43;40->44;41->45;42->46;43->47;175->311;177->313,7s68_receptor_a_b_naked_mole_rat_long_lived_specific_interface_divergence_patch,"select 7s68_receptor_a_b_naked_mole_rat_long_lived_specific_interface_divergence_patch, chain A and resi 5+6+40+41+42+43+44+45+46+47+311+313","select 7s68_receptor_a_b_naked_mole_rat_partner, chain B","show sticks, 7s68_receptor_a_b_naked_mole_rat_long_lived_specific_interface_divergence_patch; show surface, chain B; color yellow, 7s68_receptor_a_b_naked_mole_rat_long_lived_specific_interface_divergence_patch; color cyan, 7s68_receptor_a_b_naked_mole_rat_partner","select /A:5,6,40,41,42,43,44,45,46,47,311,313",select /B,"style /A:5,6,40,41,42,43,44,45,46,47,311,313 stick; surface /B",Select chain A residues 5;6;40;41;42;43;44;45;46;47;311;313; partner chain B.
priority_4: SIRT6-nucleosome maintained-interface candidate,8f86__K1_Q8N6T7--8f86__D1_P02281,8f86,receptor,myotis_lucifugus,long_lived_specific_interface_constraint,remapped_interface_supported,K,D,8,8,1.0,1.0,173;174;175;177;169;171;170;172,170;171;172;173;174;175;176;178,169->170;170->171;171->172;172->173;173->174;174->175;175->176;177->178,8f86_receptor_k_d_myotis_lucifugus_long_lived_specific_interface_constraint_patch,"select 8f86_receptor_k_d_myotis_lucifugus_long_lived_specific_interface_constraint_patch, chain K and resi 170+171+172+173+174+175+176+178","select 8f86_receptor_k_d_myotis_lucifugus_partner, chain D","show sticks, 8f86_receptor_k_d_myotis_lucifugus_long_lived_specific_interface_constraint_patch; show surface, chain D; color yellow, 8f86_receptor_k_d_myotis_lucifugus_long_lived_specific_interface_constraint_patch; color cyan, 8f86_receptor_k_d_myotis_lucifugus_partner","select /K:170,171,172,173,174,175,176,178",select /D,"style /K:170,171,172,173,174,175,176,178 stick; surface /D",Select chain K residues 170;171;172;173;174;175;176;178; partner chain D.
priority_5: shared constrained-interface anchor,4xhu__A1_P09874--4xhu__B1_Q9UNS1,4xhu,receptor,mouse,not_applicable,remapped_interface_supported,C,D,12,12,1.0,1.0,207;220;204;219;218;203;201;252;202;315;317;208,876;877;878;879;882;883;893;894;895;927;991;993,201->876;202->877;203->878;204->879;207->882;208->883;218->893;219->894;220->895;252->927;315->991;317->993,4xhu_receptor_c_d_mouse_not_applicable_patch,"select 4xhu_receptor_c_d_mouse_not_applicable_patch, chain C and resi 876+877+878+879+882+883+893+894+895+927+991+993","select 4xhu_receptor_c_d_mouse_partner, chain D","show sticks, 4xhu_receptor_c_d_mouse_not_applicable_patch; show surface, chain D; color yellow, 4xhu_receptor_c_d_mouse_not_applicable_patch; color cyan, 4xhu_receptor_c_d_mouse_partner","select /C:876,877,878,879,882,883,893,894,895,927,991,993",select /D,"style /C:876,877,878,879,882,883,893,894,895,927,991,993 stick; surface /D",Select chain C residues 876;877;878;879;882;883;893;894;895;927;991;993; partner chain D.
priority_5: shared constrained-interface anchor,4xhu__A1_P09874--4xhu__B1_Q9UNS1,4xhu,receptor,myotis_lucifugus,shared_interface_constraint,remapped_interface_supported,C,D,12,12,1.0,1.0,207;218;201;203;219;251;220;208;202;200;206;252,875;876;877;878;881;882;883;893;894;895;926;927,200->875;201->876;202->877;203->878;206->881;207->882;208->883;218->893;219->894;220->895;251->926;252->927,4xhu_receptor_c_d_myotis_lucifugus_shared_interface_constraint_patch,"select 4xhu_receptor_c_d_myotis_lucifugus_shared_interface_constraint_patch, chain C and resi 875+876+877+878+881+882+883+893+894+895+926+927","select 4xhu_receptor_c_d_myotis_lucifugus_partner, chain D","show sticks, 4xhu_receptor_c_d_myotis_lucifugus_shared_interface_constraint_patch; show surface, chain D; color yellow, 4xhu_receptor_c_d_myotis_lucifugus_shared_interface_constraint_patch; color cyan, 4xhu_receptor_c_d_myotis_lucifugus_partner","select /C:875,876,877,878,881,882,883,893,894,895,926,927",select /D,"style /C:875,876,877,878,881,882,883,893,894,895,926,927 stick; surface /D",Select chain C residues 875;876;877;878;881;882;883;893;894;895;926;927; partner chain D.
priority_5: shared constrained-interface anchor,4xhu__A1_P09874--4xhu__B1_Q9UNS1,4xhu,receptor,naked_mole_rat,shared_interface_constraint,remapped_interface_supported,C,D,12,12,1.0,1.0,207;218;220;204;203;202;219;317;201;315;253;208,876;877;878;879;882;883;893;894;895;928;991;993,201->876;202->877;203->878;204->879;207->882;208->883;218->893;219->894;220->895;253->928;315->991;317->993,4xhu_receptor_c_d_naked_mole_rat_shared_interface_constraint_patch,"select 4xhu_receptor_c_d_naked_mole_rat_shared_interface_constraint_patch, chain C and resi 876+877+878+879+882+883+893+894+895+928+991+993","select 4xhu_receptor_c_d_naked_mole_rat_partner, chain D","show sticks, 4xhu_receptor_c_d_naked_mole_rat_shared_interface_constraint_patch; show surface, chain D; color yellow, 4xhu_receptor_c_d_naked_mole_rat_shared_interface_constraint_patch; color cyan, 4xhu_receptor_c_d_naked_mole_rat_partner","select /C:876,877,878,879,882,883,893,894,895,928,991,993",select /D,"style /C:876,877,878,879,882,883,893,894,895,928,991,993 stick; surface /D",Select chain C residues 876;877;878;879;882;883;893;894;895;928;991;993; partner chain D.
priority_6: singleton divergent outlier / artifact-risk benchmark,8bhv__N1_P12956--8bhv__I1_Q9H9Q4,8bhv,ligand,mouse,not_applicable,remapped_interface_supported,Q,h,7,7,1.0,1.0,170;171;172;168;173;169;167,173;174;175;176;177;178;179,167->173;168->174;169->175;170->176;171->177;172->178;173->179,8bhv_ligand_q_h_mouse_not_applicable_patch,"select 8bhv_ligand_q_h_mouse_not_applicable_patch, chain Q and resi 173+174+175+176+177+178+179","select 8bhv_ligand_q_h_mouse_partner, chain h","show sticks, 8bhv_ligand_q_h_mouse_not_applicable_patch; show surface, chain h; color yellow, 8bhv_ligand_q_h_mouse_not_applicable_patch; color cyan, 8bhv_ligand_q_h_mouse_partner","select /Q:173,174,175,176,177,178,179",select /h,"style /Q:173,174,175,176,177,178,179 stick; surface /h",Select chain Q residues 173;174;175;176;177;178;179; partner chain h.
priority_6: singleton divergent outlier / artifact-risk benchmark,8bhv__P1_P13010--8bhv__J1_Q9H9Q4,8bhv,ligand,mouse,not_applicable,remapped_interface_supported,R,j,7,7,1.0,1.0,221;220;224;225;222;223;219,293;294;295;296;297;298;299,219->293;220->294;221->295;222->296;223->297;224->298;225->299,8bhv_ligand_r_j_mouse_not_applicable_patch,"select 8bhv_ligand_r_j_mouse_not_applicable_patch, chain R and resi 293+294+295+296+297+298+299","select 8bhv_ligand_r_j_mouse_partner, chain j","show sticks, 8bhv_ligand_r_j_mouse_not_applicable_patch; show surface, chain j; color yellow, 8bhv_ligand_r_j_mouse_not_applicable_patch; color cyan, 8bhv_ligand_r_j_mouse_partner","select /R:293,294,295,296,297,298,299",select /j,"style /R:293,294,295,296,297,298,299 stick; surface /j",Select chain R residues 293;294;295;296;297;298;299; partner chain j.
