priority,review_case,selection_mode,selection_rank,pdb_id,complex_id,chain,target_species,residue_label,residue_index,residue_number_1based,residue_aa,delta,is_interface,signal_class,contrast_class,contrast_priority,enrichment_ratio,effect_size_cohens_d,kmeans_cluster,agglomerative_cluster,feature_qc_status,is_clustering_ready,source_uniprot,target_uniprot,review_note
1,SIRT6-nucleosome long-lived interface divergence candidate,top_interface_delta,1,8g57,8g57__A1_Q8N6T7--8g57__H1_P04908,ligand,myotis_lucifugus,A116,115,116,A,1.3912630081176758,True,interface_divergent_not_significant,long_lived_specific_interface_divergence,1.0,1.2847674912092797,0.354482528525112,1,1,ok,True,P04908,G1P399,Inspect whether high-delta ligand-side interface residues form a coherent SIRT6/nucleosome contact surface.
1,SIRT6-nucleosome long-lived interface divergence candidate,top_interface_delta,2,8g57,8g57__A1_Q8N6T7--8g57__H1_P04908,ligand,myotis_lucifugus,K115,114,115,K,1.2162213325500488,True,interface_divergent_not_significant,long_lived_specific_interface_divergence,1.0,1.2847674912092797,0.354482528525112,1,1,ok,True,P04908,G1P399,Inspect whether high-delta ligand-side interface residues form a coherent SIRT6/nucleosome contact surface.
1,SIRT6-nucleosome long-lived interface divergence candidate,top_interface_delta,3,8g57,8g57__A1_Q8N6T7--8g57__H1_P04908,ligand,myotis_lucifugus,H114,113,114,H,1.1905540227890015,True,interface_divergent_not_significant,long_lived_specific_interface_divergence,1.0,1.2847674912092797,0.354482528525112,1,1,ok,True,P04908,G1P399,Inspect whether high-delta ligand-side interface residues form a coherent SIRT6/nucleosome contact surface.
1,SIRT6-nucleosome long-lived interface divergence candidate,top_interface_delta,4,8g57,8g57__A1_Q8N6T7--8g57__H1_P04908,ligand,myotis_lucifugus,H113,112,113,H,1.1724488735198975,True,interface_divergent_not_significant,long_lived_specific_interface_divergence,1.0,1.2847674912092797,0.354482528525112,1,1,ok,True,P04908,G1P399,Inspect whether high-delta ligand-side interface residues form a coherent SIRT6/nucleosome contact surface.
1,SIRT6-nucleosome long-lived interface divergence candidate,top_interface_delta,5,8g57,8g57__A1_Q8N6T7--8g57__H1_P04908,ligand,myotis_lucifugus,S112,111,112,S,1.1136844158172607,True,interface_divergent_not_significant,long_lived_specific_interface_divergence,1.0,1.2847674912092797,0.354482528525112,1,1,ok,True,P04908,G1P399,Inspect whether high-delta ligand-side interface residues form a coherent SIRT6/nucleosome contact surface.
1,SIRT6-nucleosome long-lived interface divergence candidate,top_interface_delta,6,8g57,8g57__A1_Q8N6T7--8g57__H1_P04908,ligand,myotis_lucifugus,K117,116,117,K,1.0984606742858887,True,interface_divergent_not_significant,long_lived_specific_interface_divergence,1.0,1.2847674912092797,0.354482528525112,1,1,ok,True,P04908,G1P399,Inspect whether high-delta ligand-side interface residues form a coherent SIRT6/nucleosome contact surface.
1,SIRT6-nucleosome long-lived interface divergence candidate,top_interface_delta,7,8g57,8g57__A1_Q8N6T7--8g57__H1_P04908,ligand,myotis_lucifugus,E111,110,111,E,0.8613532185554504,True,interface_divergent_not_significant,long_lived_specific_interface_divergence,1.0,1.2847674912092797,0.354482528525112,1,1,ok,True,P04908,G1P399,Inspect whether high-delta ligand-side interface residues form a coherent SIRT6/nucleosome contact surface.
1,SIRT6-nucleosome long-lived interface divergence candidate,top_interface_delta,8,8g57,8g57__A1_Q8N6T7--8g57__H1_P04908,ligand,myotis_lucifugus,T110,109,110,T,0.5277263522148132,True,interface_divergent_not_significant,long_lived_specific_interface_divergence,1.0,1.2847674912092797,0.354482528525112,1,1,ok,True,P04908,G1P399,Inspect whether high-delta ligand-side interface residues form a coherent SIRT6/nucleosome contact surface.
1,SIRT6-nucleosome long-lived interface divergence candidate,top_interface_delta,9,8g57,8g57__A1_Q8N6T7--8g57__H1_P04908,ligand,myotis_lucifugus,G12,11,12,G,0.32692667841911316,True,interface_divergent_not_significant,long_lived_specific_interface_divergence,1.0,1.2847674912092797,0.354482528525112,1,1,ok,True,P04908,G1P399,Inspect whether high-delta ligand-side interface residues form a coherent SIRT6/nucleosome contact surface.
1,SIRT6-nucleosome long-lived interface divergence candidate,top_interface_delta,10,8g57,8g57__A1_Q8N6T7--8g57__H1_P04908,ligand,myotis_lucifugus,L53,52,53,L,0.3124822676181793,True,interface_divergent_not_significant,long_lived_specific_interface_divergence,1.0,1.2847674912092797,0.354482528525112,1,1,ok,True,P04908,G1P399,Inspect whether high-delta ligand-side interface residues form a coherent SIRT6/nucleosome contact surface.
1,SIRT6-nucleosome long-lived interface divergence candidate,top_interface_delta,11,8g57,8g57__A1_Q8N6T7--8g57__H1_P04908,ligand,myotis_lucifugus,R61,60,61,R,0.3098514974117279,True,interface_divergent_not_significant,long_lived_specific_interface_divergence,1.0,1.2847674912092797,0.354482528525112,1,1,ok,True,P04908,G1P399,Inspect whether high-delta ligand-side interface residues form a coherent SIRT6/nucleosome contact surface.
1,SIRT6-nucleosome long-lived interface divergence candidate,top_interface_delta,12,8g57,8g57__A1_Q8N6T7--8g57__H1_P04908,ligand,myotis_lucifugus,E46,45,46,E,0.30983656644821167,True,interface_divergent_not_significant,long_lived_specific_interface_divergence,1.0,1.2847674912092797,0.354482528525112,1,1,ok,True,P04908,G1P399,Inspect whether high-delta ligand-side interface residues form a coherent SIRT6/nucleosome contact surface.
1,SIRT6-nucleosome long-lived interface divergence candidate,top_interface_delta,1,8g57,8g57__A1_Q8N6T7--8g57__H1_P04908,ligand,naked_mole_rat,Y47,46,47,Y,1.5196032524108887,True,interface_divergent_not_significant,long_lived_specific_interface_divergence,1.0,1.4125053097198987,0.4975022433959586,1,1,ok,True,P04908,G5BV53,Inspect whether high-delta ligand-side interface residues form a coherent SIRT6/nucleosome contact surface.
1,SIRT6-nucleosome long-lived interface divergence candidate,top_interface_delta,2,8g57,8g57__A1_Q8N6T7--8g57__H1_P04908,ligand,naked_mole_rat,E46,45,46,E,1.3705759048461914,True,interface_divergent_not_significant,long_lived_specific_interface_divergence,1.0,1.4125053097198987,0.4975022433959586,1,1,ok,True,P04908,G5BV53,Inspect whether high-delta ligand-side interface residues form a coherent SIRT6/nucleosome contact surface.
1,SIRT6-nucleosome long-lived interface divergence candidate,top_interface_delta,3,8g57,8g57__A1_Q8N6T7--8g57__H1_P04908,ligand,naked_mole_rat,L48,47,48,L,1.206655502319336,True,interface_divergent_not_significant,long_lived_specific_interface_divergence,1.0,1.4125053097198987,0.4975022433959586,1,1,ok,True,P04908,G5BV53,Inspect whether high-delta ligand-side interface residues form a coherent SIRT6/nucleosome contact surface.
1,SIRT6-nucleosome long-lived interface divergence candidate,top_interface_delta,4,8g57,8g57__A1_Q8N6T7--8g57__H1_P04908,ligand,naked_mole_rat,T49,48,49,T,1.155354619026184,True,interface_divergent_not_significant,long_lived_specific_interface_divergence,1.0,1.4125053097198987,0.4975022433959586,1,1,ok,True,P04908,G5BV53,Inspect whether high-delta ligand-side interface residues form a coherent SIRT6/nucleosome contact surface.
1,SIRT6-nucleosome long-lived interface divergence candidate,top_interface_delta,5,8g57,8g57__A1_Q8N6T7--8g57__H1_P04908,ligand,naked_mole_rat,L45,44,45,L,1.1474350690841675,True,interface_divergent_not_significant,long_lived_specific_interface_divergence,1.0,1.4125053097198987,0.4975022433959586,1,1,ok,True,P04908,G5BV53,Inspect whether high-delta ligand-side interface residues form a coherent SIRT6/nucleosome contact surface.
1,SIRT6-nucleosome long-lived interface divergence candidate,top_interface_delta,6,8g57,8g57__A1_Q8N6T7--8g57__H1_P04908,ligand,naked_mole_rat,A50,49,50,A,0.7323123812675476,True,interface_divergent_not_significant,long_lived_specific_interface_divergence,1.0,1.4125053097198987,0.4975022433959586,1,1,ok,True,P04908,G5BV53,Inspect whether high-delta ligand-side interface residues form a coherent SIRT6/nucleosome contact surface.
1,SIRT6-nucleosome long-lived interface divergence candidate,top_interface_delta,7,8g57,8g57__A1_Q8N6T7--8g57__H1_P04908,ligand,naked_mole_rat,E51,50,51,E,0.527976393699646,True,interface_divergent_not_significant,long_lived_specific_interface_divergence,1.0,1.4125053097198987,0.4975022433959586,1,1,ok,True,P04908,G5BV53,Inspect whether high-delta ligand-side interface residues form a coherent SIRT6/nucleosome contact surface.
1,SIRT6-nucleosome long-lived interface divergence candidate,top_interface_delta,8,8g57,8g57__A1_Q8N6T7--8g57__H1_P04908,ligand,naked_mole_rat,K117,116,117,K,0.4607723653316498,True,interface_divergent_not_significant,long_lived_specific_interface_divergence,1.0,1.4125053097198987,0.4975022433959586,1,1,ok,True,P04908,G5BV53,Inspect whether high-delta ligand-side interface residues form a coherent SIRT6/nucleosome contact surface.
1,SIRT6-nucleosome long-lived interface divergence candidate,top_interface_delta,9,8g57,8g57__A1_Q8N6T7--8g57__H1_P04908,ligand,naked_mole_rat,A42,41,42,A,0.4251539707183838,True,interface_divergent_not_significant,long_lived_specific_interface_divergence,1.0,1.4125053097198987,0.4975022433959586,1,1,ok,True,P04908,G5BV53,Inspect whether high-delta ligand-side interface residues form a coherent SIRT6/nucleosome contact surface.
1,SIRT6-nucleosome long-lived interface divergence candidate,top_interface_delta,10,8g57,8g57__A1_Q8N6T7--8g57__H1_P04908,ligand,naked_mole_rat,Q14,13,14,Q,0.4243042469024658,True,interface_divergent_not_significant,long_lived_specific_interface_divergence,1.0,1.4125053097198987,0.4975022433959586,1,1,ok,True,P04908,G5BV53,Inspect whether high-delta ligand-side interface residues form a coherent SIRT6/nucleosome contact surface.
1,SIRT6-nucleosome long-lived interface divergence candidate,top_interface_delta,11,8g57,8g57__A1_Q8N6T7--8g57__H1_P04908,ligand,naked_mole_rat,E54,53,54,E,0.4192361533641815,True,interface_divergent_not_significant,long_lived_specific_interface_divergence,1.0,1.4125053097198987,0.4975022433959586,1,1,ok,True,P04908,G5BV53,Inspect whether high-delta ligand-side interface residues form a coherent SIRT6/nucleosome contact surface.
1,SIRT6-nucleosome long-lived interface divergence candidate,top_interface_delta,12,8g57,8g57__A1_Q8N6T7--8g57__H1_P04908,ligand,naked_mole_rat,I52,51,52,I,0.4173673093318939,True,interface_divergent_not_significant,long_lived_specific_interface_divergence,1.0,1.4125053097198987,0.4975022433959586,1,1,ok,True,P04908,G5BV53,Inspect whether high-delta ligand-side interface residues form a coherent SIRT6/nucleosome contact surface.
2,NF-kappaB regulatory-interface rewiring candidate,top_interface_delta,1,1nfi,1nfi__A1_Q04206--1nfi__F1_P25963,receptor,myotis_lucifugus,H162,161,162,H,0.8878975510597229,True,interface_divergent,long_lived_enhanced_interface_divergence,2.0,1.3024618195429014,0.6582414156790457,1,1,ok,True,Q04206,G1PC32,Inspect whether high-delta receptor-side residues cluster on the NF-kappaB / IkappaBalpha regulatory interface.
2,NF-kappaB regulatory-interface rewiring candidate,top_interface_delta,2,1nfi,1nfi__A1_Q04206--1nfi__F1_P25963,receptor,myotis_lucifugus,I4,3,4,I,0.6829115748405457,True,interface_divergent,long_lived_enhanced_interface_divergence,2.0,1.3024618195429014,0.6582414156790457,1,1,ok,True,Q04206,G1PC32,Inspect whether high-delta receptor-side residues cluster on the NF-kappaB / IkappaBalpha regulatory interface.
2,NF-kappaB regulatory-interface rewiring candidate,top_interface_delta,3,1nfi,1nfi__A1_Q04206--1nfi__F1_P25963,receptor,myotis_lucifugus,K291,290,291,K,0.6275243163108826,True,interface_divergent,long_lived_enhanced_interface_divergence,2.0,1.3024618195429014,0.6582414156790457,1,1,ok,True,Q04206,G1PC32,Inspect whether high-delta receptor-side residues cluster on the NF-kappaB / IkappaBalpha regulatory interface.
2,NF-kappaB regulatory-interface rewiring candidate,top_interface_delta,4,1nfi,1nfi__A1_Q04206--1nfi__F1_P25963,receptor,myotis_lucifugus,F290,289,290,F,0.5658968091011047,True,interface_divergent,long_lived_enhanced_interface_divergence,2.0,1.3024618195429014,0.6582414156790457,1,1,ok,True,Q04206,G1PC32,Inspect whether high-delta receptor-side residues cluster on the NF-kappaB / IkappaBalpha regulatory interface.
2,NF-kappaB regulatory-interface rewiring candidate,top_interface_delta,5,1nfi,1nfi__A1_Q04206--1nfi__F1_P25963,receptor,myotis_lucifugus,K295,294,295,K,0.5470553040504456,True,interface_divergent,long_lived_enhanced_interface_divergence,2.0,1.3024618195429014,0.6582414156790457,1,1,ok,True,Q04206,G1PC32,Inspect whether high-delta receptor-side residues cluster on the NF-kappaB / IkappaBalpha regulatory interface.
2,NF-kappaB regulatory-interface rewiring candidate,top_interface_delta,6,1nfi,1nfi__A1_Q04206--1nfi__F1_P25963,receptor,myotis_lucifugus,Y287,286,287,Y,0.5187550187110901,True,interface_divergent,long_lived_enhanced_interface_divergence,2.0,1.3024618195429014,0.6582414156790457,1,1,ok,True,Q04206,G1PC32,Inspect whether high-delta receptor-side residues cluster on the NF-kappaB / IkappaBalpha regulatory interface.
2,NF-kappaB regulatory-interface rewiring candidate,top_interface_delta,7,1nfi,1nfi__A1_Q04206--1nfi__F1_P25963,receptor,myotis_lucifugus,E288,287,288,E,0.5111854076385498,True,interface_divergent,long_lived_enhanced_interface_divergence,2.0,1.3024618195429014,0.6582414156790457,1,1,ok,True,Q04206,G1PC32,Inspect whether high-delta receptor-side residues cluster on the NF-kappaB / IkappaBalpha regulatory interface.
2,NF-kappaB regulatory-interface rewiring candidate,top_interface_delta,8,1nfi,1nfi__A1_Q04206--1nfi__F1_P25963,receptor,myotis_lucifugus,E3,2,3,E,0.48926982283592224,True,interface_divergent,long_lived_enhanced_interface_divergence,2.0,1.3024618195429014,0.6582414156790457,1,1,ok,True,Q04206,G1PC32,Inspect whether high-delta receptor-side residues cluster on the NF-kappaB / IkappaBalpha regulatory interface.
2,NF-kappaB regulatory-interface rewiring candidate,top_interface_delta,9,1nfi,1nfi__A1_Q04206--1nfi__F1_P25963,receptor,myotis_lucifugus,M294,293,294,M,0.4875933825969696,True,interface_divergent,long_lived_enhanced_interface_divergence,2.0,1.3024618195429014,0.6582414156790457,1,1,ok,True,Q04206,G1PC32,Inspect whether high-delta receptor-side residues cluster on the NF-kappaB / IkappaBalpha regulatory interface.
2,NF-kappaB regulatory-interface rewiring candidate,top_interface_delta,10,1nfi,1nfi__A1_Q04206--1nfi__F1_P25963,receptor,myotis_lucifugus,S292,291,292,S,0.45536336302757263,True,interface_divergent,long_lived_enhanced_interface_divergence,2.0,1.3024618195429014,0.6582414156790457,1,1,ok,True,Q04206,G1PC32,Inspect whether high-delta receptor-side residues cluster on the NF-kappaB / IkappaBalpha regulatory interface.
2,NF-kappaB regulatory-interface rewiring candidate,top_interface_delta,11,1nfi,1nfi__A1_Q04206--1nfi__F1_P25963,receptor,myotis_lucifugus,R285,284,285,R,0.44013431668281555,True,interface_divergent,long_lived_enhanced_interface_divergence,2.0,1.3024618195429014,0.6582414156790457,1,1,ok,True,Q04206,G1PC32,Inspect whether high-delta receptor-side residues cluster on the NF-kappaB / IkappaBalpha regulatory interface.
2,NF-kappaB regulatory-interface rewiring candidate,top_interface_delta,12,1nfi,1nfi__A1_Q04206--1nfi__F1_P25963,receptor,myotis_lucifugus,I293,292,293,I,0.4222641885280609,True,interface_divergent,long_lived_enhanced_interface_divergence,2.0,1.3024618195429014,0.6582414156790457,1,1,ok,True,Q04206,G1PC32,Inspect whether high-delta receptor-side residues cluster on the NF-kappaB / IkappaBalpha regulatory interface.
2,NF-kappaB regulatory-interface rewiring candidate,top_interface_delta,1,1nfi,1nfi__A1_Q04206--1nfi__F1_P25963,receptor,naked_mole_rat,H162,161,162,H,0.9289126992225647,True,interface_divergent,long_lived_enhanced_interface_divergence,2.0,1.3189556336232766,0.6987594394781628,1,1,ok,True,Q04206,ENSHGLP00100021729.1,Inspect whether high-delta receptor-side residues cluster on the NF-kappaB / IkappaBalpha regulatory interface.
2,NF-kappaB regulatory-interface rewiring candidate,top_interface_delta,2,1nfi,1nfi__A1_Q04206--1nfi__F1_P25963,receptor,naked_mole_rat,K291,290,291,K,0.6618296504020691,True,interface_divergent,long_lived_enhanced_interface_divergence,2.0,1.3189556336232766,0.6987594394781628,1,1,ok,True,Q04206,ENSHGLP00100021729.1,Inspect whether high-delta receptor-side residues cluster on the NF-kappaB / IkappaBalpha regulatory interface.
2,NF-kappaB regulatory-interface rewiring candidate,top_interface_delta,3,1nfi,1nfi__A1_Q04206--1nfi__F1_P25963,receptor,naked_mole_rat,F290,289,290,F,0.5841180682182312,True,interface_divergent,long_lived_enhanced_interface_divergence,2.0,1.3189556336232766,0.6987594394781628,1,1,ok,True,Q04206,ENSHGLP00100021729.1,Inspect whether high-delta receptor-side residues cluster on the NF-kappaB / IkappaBalpha regulatory interface.
2,NF-kappaB regulatory-interface rewiring candidate,top_interface_delta,4,1nfi,1nfi__A1_Q04206--1nfi__F1_P25963,receptor,naked_mole_rat,K295,294,295,K,0.5837349891662598,True,interface_divergent,long_lived_enhanced_interface_divergence,2.0,1.3189556336232766,0.6987594394781628,1,1,ok,True,Q04206,ENSHGLP00100021729.1,Inspect whether high-delta receptor-side residues cluster on the NF-kappaB / IkappaBalpha regulatory interface.
2,NF-kappaB regulatory-interface rewiring candidate,top_interface_delta,5,1nfi,1nfi__A1_Q04206--1nfi__F1_P25963,receptor,naked_mole_rat,E288,287,288,E,0.5658864974975586,True,interface_divergent,long_lived_enhanced_interface_divergence,2.0,1.3189556336232766,0.6987594394781628,1,1,ok,True,Q04206,ENSHGLP00100021729.1,Inspect whether high-delta receptor-side residues cluster on the NF-kappaB / IkappaBalpha regulatory interface.
2,NF-kappaB regulatory-interface rewiring candidate,top_interface_delta,6,1nfi,1nfi__A1_Q04206--1nfi__F1_P25963,receptor,naked_mole_rat,S292,291,292,S,0.5539042353630066,True,interface_divergent,long_lived_enhanced_interface_divergence,2.0,1.3189556336232766,0.6987594394781628,1,1,ok,True,Q04206,ENSHGLP00100021729.1,Inspect whether high-delta receptor-side residues cluster on the NF-kappaB / IkappaBalpha regulatory interface.
2,NF-kappaB regulatory-interface rewiring candidate,top_interface_delta,7,1nfi,1nfi__A1_Q04206--1nfi__F1_P25963,receptor,naked_mole_rat,Y287,286,287,Y,0.5244584679603577,True,interface_divergent,long_lived_enhanced_interface_divergence,2.0,1.3189556336232766,0.6987594394781628,1,1,ok,True,Q04206,ENSHGLP00100021729.1,Inspect whether high-delta receptor-side residues cluster on the NF-kappaB / IkappaBalpha regulatory interface.
2,NF-kappaB regulatory-interface rewiring candidate,top_interface_delta,8,1nfi,1nfi__A1_Q04206--1nfi__F1_P25963,receptor,naked_mole_rat,M294,293,294,M,0.5126267075538635,True,interface_divergent,long_lived_enhanced_interface_divergence,2.0,1.3189556336232766,0.6987594394781628,1,1,ok,True,Q04206,ENSHGLP00100021729.1,Inspect whether high-delta receptor-side residues cluster on the NF-kappaB / IkappaBalpha regulatory interface.
2,NF-kappaB regulatory-interface rewiring candidate,top_interface_delta,9,1nfi,1nfi__A1_Q04206--1nfi__F1_P25963,receptor,naked_mole_rat,E3,2,3,E,0.4804570972919464,True,interface_divergent,long_lived_enhanced_interface_divergence,2.0,1.3189556336232766,0.6987594394781628,1,1,ok,True,Q04206,ENSHGLP00100021729.1,Inspect whether high-delta receptor-side residues cluster on the NF-kappaB / IkappaBalpha regulatory interface.
2,NF-kappaB regulatory-interface rewiring candidate,top_interface_delta,10,1nfi,1nfi__A1_Q04206--1nfi__F1_P25963,receptor,naked_mole_rat,R285,284,285,R,0.46943527460098267,True,interface_divergent,long_lived_enhanced_interface_divergence,2.0,1.3189556336232766,0.6987594394781628,1,1,ok,True,Q04206,ENSHGLP00100021729.1,Inspect whether high-delta receptor-side residues cluster on the NF-kappaB / IkappaBalpha regulatory interface.
2,NF-kappaB regulatory-interface rewiring candidate,top_interface_delta,11,1nfi,1nfi__A1_Q04206--1nfi__F1_P25963,receptor,naked_mole_rat,R283,282,283,R,0.4489496648311615,True,interface_divergent,long_lived_enhanced_interface_divergence,2.0,1.3189556336232766,0.6987594394781628,1,1,ok,True,Q04206,ENSHGLP00100021729.1,Inspect whether high-delta receptor-side residues cluster on the NF-kappaB / IkappaBalpha regulatory interface.
2,NF-kappaB regulatory-interface rewiring candidate,top_interface_delta,12,1nfi,1nfi__A1_Q04206--1nfi__F1_P25963,receptor,naked_mole_rat,T289,288,289,T,0.44398233294487,True,interface_divergent,long_lived_enhanced_interface_divergence,2.0,1.3189556336232766,0.6987594394781628,1,1,ok,True,Q04206,ENSHGLP00100021729.1,Inspect whether high-delta receptor-side residues cluster on the NF-kappaB / IkappaBalpha regulatory interface.
3,PARP1-linked cautious long-lived-specific candidate,top_interface_delta,1,7s68,7s68__D1_P09874--7s68__C1_P09874,receptor,naked_mole_rat,S1,0,1,S,1.817502498626709,True,interface_divergent_not_significant,long_lived_specific_interface_divergence,1.0,1.2941332632390246,0.3840170889595347,0,0,ok,True,P09874,ENSHGLP00100023082.1,Inspect whether high-delta receptor-side residues map to a meaningful PARP1-linked DNA-damage-recognition or regulatory surface.
3,PARP1-linked cautious long-lived-specific candidate,top_interface_delta,2,7s68,7s68__D1_P09874--7s68__C1_P09874,receptor,naked_mole_rat,Q36,35,36,Q,1.7134284973144531,True,interface_divergent_not_significant,long_lived_specific_interface_divergence,1.0,1.2941332632390246,0.3840170889595347,0,0,ok,True,P09874,ENSHGLP00100023082.1,Inspect whether high-delta receptor-side residues map to a meaningful PARP1-linked DNA-damage-recognition or regulatory surface.
3,PARP1-linked cautious long-lived-specific candidate,top_interface_delta,3,7s68,7s68__D1_P09874--7s68__C1_P09874,receptor,naked_mole_rat,P38,37,38,P,1.6919708251953125,True,interface_divergent_not_significant,long_lived_specific_interface_divergence,1.0,1.2941332632390246,0.3840170889595347,0,0,ok,True,P09874,ENSHGLP00100023082.1,Inspect whether high-delta receptor-side residues map to a meaningful PARP1-linked DNA-damage-recognition or regulatory surface.
3,PARP1-linked cautious long-lived-specific candidate,top_interface_delta,4,7s68,7s68__D1_P09874--7s68__C1_P09874,receptor,naked_mole_rat,S37,36,37,S,1.6506599187850952,True,interface_divergent_not_significant,long_lived_specific_interface_divergence,1.0,1.2941332632390246,0.3840170889595347,0,0,ok,True,P09874,ENSHGLP00100023082.1,Inspect whether high-delta receptor-side residues map to a meaningful PARP1-linked DNA-damage-recognition or regulatory surface.
3,PARP1-linked cautious long-lived-specific candidate,top_interface_delta,5,7s68,7s68__D1_P09874--7s68__C1_P09874,receptor,naked_mole_rat,F40,39,40,F,1.6129118204116821,True,interface_divergent_not_significant,long_lived_specific_interface_divergence,1.0,1.2941332632390246,0.3840170889595347,0,0,ok,True,P09874,ENSHGLP00100023082.1,Inspect whether high-delta receptor-side residues map to a meaningful PARP1-linked DNA-damage-recognition or regulatory surface.
3,PARP1-linked cautious long-lived-specific candidate,top_interface_delta,6,7s68,7s68__D1_P09874--7s68__C1_P09874,receptor,naked_mole_rat,D41,40,41,D,1.5883797407150269,True,interface_divergent_not_significant,long_lived_specific_interface_divergence,1.0,1.2941332632390246,0.3840170889595347,0,0,ok,True,P09874,ENSHGLP00100023082.1,Inspect whether high-delta receptor-side residues map to a meaningful PARP1-linked DNA-damage-recognition or regulatory surface.
3,PARP1-linked cautious long-lived-specific candidate,top_interface_delta,7,7s68,7s68__D1_P09874--7s68__C1_P09874,receptor,naked_mole_rat,D2,1,2,D,1.4903485774993896,True,interface_divergent_not_significant,long_lived_specific_interface_divergence,1.0,1.2941332632390246,0.3840170889595347,0,0,ok,True,P09874,ENSHGLP00100023082.1,Inspect whether high-delta receptor-side residues map to a meaningful PARP1-linked DNA-damage-recognition or regulatory surface.
3,PARP1-linked cautious long-lived-specific candidate,top_interface_delta,8,7s68,7s68__D1_P09874--7s68__C1_P09874,receptor,naked_mole_rat,M39,38,39,M,1.4432135820388794,True,interface_divergent_not_significant,long_lived_specific_interface_divergence,1.0,1.2941332632390246,0.3840170889595347,0,0,ok,True,P09874,ENSHGLP00100023082.1,Inspect whether high-delta receptor-side residues map to a meaningful PARP1-linked DNA-damage-recognition or regulatory surface.
3,PARP1-linked cautious long-lived-specific candidate,top_interface_delta,9,7s68,7s68__D1_P09874--7s68__C1_P09874,receptor,naked_mole_rat,K43,42,43,K,1.4041659832000732,True,interface_divergent_not_significant,long_lived_specific_interface_divergence,1.0,1.2941332632390246,0.3840170889595347,0,0,ok,True,P09874,ENSHGLP00100023082.1,Inspect whether high-delta receptor-side residues map to a meaningful PARP1-linked DNA-damage-recognition or regulatory surface.
3,PARP1-linked cautious long-lived-specific candidate,top_interface_delta,10,7s68,7s68__D1_P09874--7s68__C1_P09874,receptor,naked_mole_rat,G42,41,42,G,1.3225243091583252,True,interface_divergent_not_significant,long_lived_specific_interface_divergence,1.0,1.2941332632390246,0.3840170889595347,0,0,ok,True,P09874,ENSHGLP00100023082.1,Inspect whether high-delta receptor-side residues map to a meaningful PARP1-linked DNA-damage-recognition or regulatory surface.
3,PARP1-linked cautious long-lived-specific candidate,top_interface_delta,11,7s68,7s68__D1_P09874--7s68__C1_P09874,receptor,naked_mole_rat,G177,176,177,G,0.5273763537406921,True,interface_divergent_not_significant,long_lived_specific_interface_divergence,1.0,1.2941332632390246,0.3840170889595347,0,0,ok,True,P09874,ENSHGLP00100023082.1,Inspect whether high-delta receptor-side residues map to a meaningful PARP1-linked DNA-damage-recognition or regulatory surface.
3,PARP1-linked cautious long-lived-specific candidate,top_interface_delta,12,7s68,7s68__D1_P09874--7s68__C1_P09874,receptor,naked_mole_rat,C175,174,175,C,0.4879598021507263,True,interface_divergent_not_significant,long_lived_specific_interface_divergence,1.0,1.2941332632390246,0.3840170889595347,0,0,ok,True,P09874,ENSHGLP00100023082.1,Inspect whether high-delta receptor-side residues map to a meaningful PARP1-linked DNA-damage-recognition or regulatory surface.
4,SIRT6-nucleosome maintained-interface candidate,lowest_interface_delta,1,8f86,8f86__K1_Q8N6T7--8f86__D1_P02281,receptor,myotis_lucifugus,L173,172,173,L,0.16157649457454681,True,interface_constrained_not_significant,long_lived_specific_interface_constraint,3.0,0.7459039145839998,-0.341342508598825,0,0,ok,True,Q8N6T7,G1PC24,Inspect whether low-delta interface residues form a preserved SIRT6/nucleosome contact surface while the background diverges.
4,SIRT6-nucleosome maintained-interface candidate,lowest_interface_delta,2,8f86,8f86__K1_Q8N6T7--8f86__D1_P02281,receptor,myotis_lucifugus,R174,173,174,R,0.16372615098953247,True,interface_constrained_not_significant,long_lived_specific_interface_constraint,3.0,0.7459039145839998,-0.341342508598825,0,0,ok,True,Q8N6T7,G1PC24,Inspect whether low-delta interface residues form a preserved SIRT6/nucleosome contact surface while the background diverges.
4,SIRT6-nucleosome maintained-interface candidate,lowest_interface_delta,3,8f86,8f86__K1_Q8N6T7--8f86__D1_P02281,receptor,myotis_lucifugus,A175,174,175,A,0.19566792249679565,True,interface_constrained_not_significant,long_lived_specific_interface_constraint,3.0,0.7459039145839998,-0.341342508598825,0,0,ok,True,Q8N6T7,G1PC24,Inspect whether low-delta interface residues form a preserved SIRT6/nucleosome contact surface while the background diverges.
4,SIRT6-nucleosome maintained-interface candidate,lowest_interface_delta,4,8f86,8f86__K1_Q8N6T7--8f86__D1_P02281,receptor,myotis_lucifugus,R177,176,177,R,0.19966162741184235,True,interface_constrained_not_significant,long_lived_specific_interface_constraint,3.0,0.7459039145839998,-0.341342508598825,0,0,ok,True,Q8N6T7,G1PC24,Inspect whether low-delta interface residues form a preserved SIRT6/nucleosome contact surface while the background diverges.
4,SIRT6-nucleosome maintained-interface candidate,lowest_interface_delta,5,8f86,8f86__K1_Q8N6T7--8f86__D1_P02281,receptor,myotis_lucifugus,K169,168,169,K,0.2323194444179535,True,interface_constrained_not_significant,long_lived_specific_interface_constraint,3.0,0.7459039145839998,-0.341342508598825,0,0,ok,True,Q8N6T7,G1PC24,Inspect whether low-delta interface residues form a preserved SIRT6/nucleosome contact surface while the background diverges.
4,SIRT6-nucleosome maintained-interface candidate,lowest_interface_delta,6,8f86,8f86__K1_Q8N6T7--8f86__D1_P02281,receptor,myotis_lucifugus,R171,170,171,R,0.23487170040607452,True,interface_constrained_not_significant,long_lived_specific_interface_constraint,3.0,0.7459039145839998,-0.341342508598825,0,0,ok,True,Q8N6T7,G1PC24,Inspect whether low-delta interface residues form a preserved SIRT6/nucleosome contact surface while the background diverges.
4,SIRT6-nucleosome maintained-interface candidate,lowest_interface_delta,7,8f86,8f86__K1_Q8N6T7--8f86__D1_P02281,receptor,myotis_lucifugus,A170,169,170,A,0.23546598851680756,True,interface_constrained_not_significant,long_lived_specific_interface_constraint,3.0,0.7459039145839998,-0.341342508598825,0,0,ok,True,Q8N6T7,G1PC24,Inspect whether low-delta interface residues form a preserved SIRT6/nucleosome contact surface while the background diverges.
4,SIRT6-nucleosome maintained-interface candidate,lowest_interface_delta,8,8f86,8f86__K1_Q8N6T7--8f86__D1_P02281,receptor,myotis_lucifugus,G172,171,172,G,0.2614181637763977,True,interface_constrained_not_significant,long_lived_specific_interface_constraint,3.0,0.7459039145839998,-0.341342508598825,0,0,ok,True,Q8N6T7,G1PC24,Inspect whether low-delta interface residues form a preserved SIRT6/nucleosome contact surface while the background diverges.
5,shared constrained-interface anchor,lowest_interface_delta,1,4xhu,4xhu__A1_P09874--4xhu__B1_Q9UNS1,receptor,mouse,P207,206,207,P,0.15053556859493256,True,interface_constrained,not_applicable,,0.3909880881323075,-0.9141577542931532,2,2,ok,True,P09874,Q921K2,Use as an anchor/control case: inspect whether low-delta residues form a shared conserved interface across all species.
5,shared constrained-interface anchor,lowest_interface_delta,2,4xhu,4xhu__A1_P09874--4xhu__B1_Q9UNS1,receptor,mouse,I220,219,220,I,0.1720118522644043,True,interface_constrained,not_applicable,,0.3909880881323075,-0.9141577542931532,2,2,ok,True,P09874,Q921K2,Use as an anchor/control case: inspect whether low-delta residues form a shared conserved interface across all species.
5,shared constrained-interface anchor,lowest_interface_delta,3,4xhu,4xhu__A1_P09874--4xhu__B1_Q9UNS1,receptor,mouse,I204,203,204,I,0.17367935180664062,True,interface_constrained,not_applicable,,0.3909880881323075,-0.9141577542931532,2,2,ok,True,P09874,Q921K2,Use as an anchor/control case: inspect whether low-delta residues form a shared conserved interface across all species.
5,shared constrained-interface anchor,lowest_interface_delta,4,4xhu,4xhu__A1_P09874--4xhu__B1_Q9UNS1,receptor,mouse,G219,218,219,G,0.1750660389661789,True,interface_constrained,not_applicable,,0.3909880881323075,-0.9141577542931532,2,2,ok,True,P09874,Q921K2,Use as an anchor/control case: inspect whether low-delta residues form a shared conserved interface across all species.
5,shared constrained-interface anchor,lowest_interface_delta,5,4xhu,4xhu__A1_P09874--4xhu__B1_Q9UNS1,receptor,mouse,K218,217,218,K,0.18117426335811615,True,interface_constrained,not_applicable,,0.3909880881323075,-0.9141577542931532,2,2,ok,True,P09874,Q921K2,Use as an anchor/control case: inspect whether low-delta residues form a shared conserved interface across all species.
5,shared constrained-interface anchor,lowest_interface_delta,6,4xhu,4xhu__A1_P09874--4xhu__B1_Q9UNS1,receptor,mouse,R203,202,203,R,0.18191489577293396,True,interface_constrained,not_applicable,,0.3909880881323075,-0.9141577542931532,2,2,ok,True,P09874,Q921K2,Use as an anchor/control case: inspect whether low-delta residues form a shared conserved interface across all species.
5,shared constrained-interface anchor,lowest_interface_delta,7,4xhu,4xhu__A1_P09874--4xhu__B1_Q9UNS1,receptor,mouse,G201,200,201,G,0.1845736801624298,True,interface_constrained,not_applicable,,0.3909880881323075,-0.9141577542931532,2,2,ok,True,P09874,Q921K2,Use as an anchor/control case: inspect whether low-delta residues form a shared conserved interface across all species.
5,shared constrained-interface anchor,lowest_interface_delta,8,4xhu,4xhu__A1_P09874--4xhu__B1_Q9UNS1,receptor,mouse,G252,251,252,G,0.18655143678188324,True,interface_constrained,not_applicable,,0.3909880881323075,-0.9141577542931532,2,2,ok,True,P09874,Q921K2,Use as an anchor/control case: inspect whether low-delta residues form a shared conserved interface across all species.
5,shared constrained-interface anchor,lowest_interface_delta,9,4xhu,4xhu__A1_P09874--4xhu__B1_Q9UNS1,receptor,mouse,L202,201,202,L,0.19142687320709229,True,interface_constrained,not_applicable,,0.3909880881323075,-0.9141577542931532,2,2,ok,True,P09874,Q921K2,Use as an anchor/control case: inspect whether low-delta residues form a shared conserved interface across all species.
5,shared constrained-interface anchor,lowest_interface_delta,10,4xhu,4xhu__A1_P09874--4xhu__B1_Q9UNS1,receptor,mouse,V315,314,315,V,0.19790491461753845,True,interface_constrained,not_applicable,,0.3909880881323075,-0.9141577542931532,2,2,ok,True,P09874,Q921K2,Use as an anchor/control case: inspect whether low-delta residues form a shared conserved interface across all species.
5,shared constrained-interface anchor,lowest_interface_delta,11,4xhu,4xhu__A1_P09874--4xhu__B1_Q9UNS1,receptor,mouse,D317,316,317,D,0.20029108226299286,True,interface_constrained,not_applicable,,0.3909880881323075,-0.9141577542931532,2,2,ok,True,P09874,Q921K2,Use as an anchor/control case: inspect whether low-delta residues form a shared conserved interface across all species.
5,shared constrained-interface anchor,lowest_interface_delta,12,4xhu,4xhu__A1_P09874--4xhu__B1_Q9UNS1,receptor,mouse,E208,207,208,E,0.20081141591072083,True,interface_constrained,not_applicable,,0.3909880881323075,-0.9141577542931532,2,2,ok,True,P09874,Q921K2,Use as an anchor/control case: inspect whether low-delta residues form a shared conserved interface across all species.
5,shared constrained-interface anchor,lowest_interface_delta,1,4xhu,4xhu__A1_P09874--4xhu__B1_Q9UNS1,receptor,myotis_lucifugus,P207,206,207,P,0.16197125613689423,True,interface_constrained,shared_interface_constraint,6.0,0.4283021437908388,-1.011986257853046,2,2,ok,True,P09874,G1PK82,Use as an anchor/control case: inspect whether low-delta residues form a shared conserved interface across all species.
5,shared constrained-interface anchor,lowest_interface_delta,2,4xhu,4xhu__A1_P09874--4xhu__B1_Q9UNS1,receptor,myotis_lucifugus,K218,217,218,K,0.1679220199584961,True,interface_constrained,shared_interface_constraint,6.0,0.4283021437908388,-1.011986257853046,2,2,ok,True,P09874,G1PK82,Use as an anchor/control case: inspect whether low-delta residues form a shared conserved interface across all species.
5,shared constrained-interface anchor,lowest_interface_delta,3,4xhu,4xhu__A1_P09874--4xhu__B1_Q9UNS1,receptor,myotis_lucifugus,G201,200,201,G,0.19735105335712433,True,interface_constrained,shared_interface_constraint,6.0,0.4283021437908388,-1.011986257853046,2,2,ok,True,P09874,G1PK82,Use as an anchor/control case: inspect whether low-delta residues form a shared conserved interface across all species.
5,shared constrained-interface anchor,lowest_interface_delta,4,4xhu,4xhu__A1_P09874--4xhu__B1_Q9UNS1,receptor,myotis_lucifugus,R203,202,203,R,0.20447245240211487,True,interface_constrained,shared_interface_constraint,6.0,0.4283021437908388,-1.011986257853046,2,2,ok,True,P09874,G1PK82,Use as an anchor/control case: inspect whether low-delta residues form a shared conserved interface across all species.
5,shared constrained-interface anchor,lowest_interface_delta,5,4xhu,4xhu__A1_P09874--4xhu__B1_Q9UNS1,receptor,myotis_lucifugus,G219,218,219,G,0.21338437497615814,True,interface_constrained,shared_interface_constraint,6.0,0.4283021437908388,-1.011986257853046,2,2,ok,True,P09874,G1PK82,Use as an anchor/control case: inspect whether low-delta residues form a shared conserved interface across all species.
5,shared constrained-interface anchor,lowest_interface_delta,6,4xhu,4xhu__A1_P09874--4xhu__B1_Q9UNS1,receptor,myotis_lucifugus,L251,250,251,L,0.21953536570072174,True,interface_constrained,shared_interface_constraint,6.0,0.4283021437908388,-1.011986257853046,2,2,ok,True,P09874,G1PK82,Use as an anchor/control case: inspect whether low-delta residues form a shared conserved interface across all species.
5,shared constrained-interface anchor,lowest_interface_delta,7,4xhu,4xhu__A1_P09874--4xhu__B1_Q9UNS1,receptor,myotis_lucifugus,I220,219,220,I,0.2224559783935547,True,interface_constrained,shared_interface_constraint,6.0,0.4283021437908388,-1.011986257853046,2,2,ok,True,P09874,G1PK82,Use as an anchor/control case: inspect whether low-delta residues form a shared conserved interface across all species.
5,shared constrained-interface anchor,lowest_interface_delta,8,4xhu,4xhu__A1_P09874--4xhu__B1_Q9UNS1,receptor,myotis_lucifugus,E208,207,208,E,0.22474178671836853,True,interface_constrained,shared_interface_constraint,6.0,0.4283021437908388,-1.011986257853046,2,2,ok,True,P09874,G1PK82,Use as an anchor/control case: inspect whether low-delta residues form a shared conserved interface across all species.
5,shared constrained-interface anchor,lowest_interface_delta,9,4xhu,4xhu__A1_P09874--4xhu__B1_Q9UNS1,receptor,myotis_lucifugus,L202,201,202,L,0.2340390831232071,True,interface_constrained,shared_interface_constraint,6.0,0.4283021437908388,-1.011986257853046,2,2,ok,True,P09874,G1PK82,Use as an anchor/control case: inspect whether low-delta residues form a shared conserved interface across all species.
5,shared constrained-interface anchor,lowest_interface_delta,10,4xhu,4xhu__A1_P09874--4xhu__B1_Q9UNS1,receptor,myotis_lucifugus,Q200,199,200,Q,0.23764875531196594,True,interface_constrained,shared_interface_constraint,6.0,0.4283021437908388,-1.011986257853046,2,2,ok,True,P09874,G1PK82,Use as an anchor/control case: inspect whether low-delta residues form a shared conserved interface across all species.
5,shared constrained-interface anchor,lowest_interface_delta,11,4xhu,4xhu__A1_P09874--4xhu__B1_Q9UNS1,receptor,myotis_lucifugus,P206,205,206,P,0.2502698302268982,True,interface_constrained,shared_interface_constraint,6.0,0.4283021437908388,-1.011986257853046,2,2,ok,True,P09874,G1PK82,Use as an anchor/control case: inspect whether low-delta residues form a shared conserved interface across all species.
5,shared constrained-interface anchor,lowest_interface_delta,12,4xhu,4xhu__A1_P09874--4xhu__B1_Q9UNS1,receptor,myotis_lucifugus,G252,251,252,G,0.2602978050708771,True,interface_constrained,shared_interface_constraint,6.0,0.4283021437908388,-1.011986257853046,2,2,ok,True,P09874,G1PK82,Use as an anchor/control case: inspect whether low-delta residues form a shared conserved interface across all species.
5,shared constrained-interface anchor,lowest_interface_delta,1,4xhu,4xhu__A1_P09874--4xhu__B1_Q9UNS1,receptor,naked_mole_rat,P207,206,207,P,0.1607988327741623,True,interface_constrained,shared_interface_constraint,6.0,0.3908893259290563,-0.930101090686991,2,2,ok,True,P09874,ENSHGLP00100023082.1,Use as an anchor/control case: inspect whether low-delta residues form a shared conserved interface across all species.
5,shared constrained-interface anchor,lowest_interface_delta,2,4xhu,4xhu__A1_P09874--4xhu__B1_Q9UNS1,receptor,naked_mole_rat,K218,217,218,K,0.1670614629983902,True,interface_constrained,shared_interface_constraint,6.0,0.3908893259290563,-0.930101090686991,2,2,ok,True,P09874,ENSHGLP00100023082.1,Use as an anchor/control case: inspect whether low-delta residues form a shared conserved interface across all species.
5,shared constrained-interface anchor,lowest_interface_delta,3,4xhu,4xhu__A1_P09874--4xhu__B1_Q9UNS1,receptor,naked_mole_rat,I220,219,220,I,0.16968896985054016,True,interface_constrained,shared_interface_constraint,6.0,0.3908893259290563,-0.930101090686991,2,2,ok,True,P09874,ENSHGLP00100023082.1,Use as an anchor/control case: inspect whether low-delta residues form a shared conserved interface across all species.
5,shared constrained-interface anchor,lowest_interface_delta,4,4xhu,4xhu__A1_P09874--4xhu__B1_Q9UNS1,receptor,naked_mole_rat,I204,203,204,I,0.1776295155286789,True,interface_constrained,shared_interface_constraint,6.0,0.3908893259290563,-0.930101090686991,2,2,ok,True,P09874,ENSHGLP00100023082.1,Use as an anchor/control case: inspect whether low-delta residues form a shared conserved interface across all species.
5,shared constrained-interface anchor,lowest_interface_delta,5,4xhu,4xhu__A1_P09874--4xhu__B1_Q9UNS1,receptor,naked_mole_rat,R203,202,203,R,0.1812603771686554,True,interface_constrained,shared_interface_constraint,6.0,0.3908893259290563,-0.930101090686991,2,2,ok,True,P09874,ENSHGLP00100023082.1,Use as an anchor/control case: inspect whether low-delta residues form a shared conserved interface across all species.
5,shared constrained-interface anchor,lowest_interface_delta,6,4xhu,4xhu__A1_P09874--4xhu__B1_Q9UNS1,receptor,naked_mole_rat,L202,201,202,L,0.18946053087711334,True,interface_constrained,shared_interface_constraint,6.0,0.3908893259290563,-0.930101090686991,2,2,ok,True,P09874,ENSHGLP00100023082.1,Use as an anchor/control case: inspect whether low-delta residues form a shared conserved interface across all species.
5,shared constrained-interface anchor,lowest_interface_delta,7,4xhu,4xhu__A1_P09874--4xhu__B1_Q9UNS1,receptor,naked_mole_rat,G219,218,219,G,0.19014640152454376,True,interface_constrained,shared_interface_constraint,6.0,0.3908893259290563,-0.930101090686991,2,2,ok,True,P09874,ENSHGLP00100023082.1,Use as an anchor/control case: inspect whether low-delta residues form a shared conserved interface across all species.
5,shared constrained-interface anchor,lowest_interface_delta,8,4xhu,4xhu__A1_P09874--4xhu__B1_Q9UNS1,receptor,naked_mole_rat,D317,316,317,D,0.1916528195142746,True,interface_constrained,shared_interface_constraint,6.0,0.3908893259290563,-0.930101090686991,2,2,ok,True,P09874,ENSHGLP00100023082.1,Use as an anchor/control case: inspect whether low-delta residues form a shared conserved interface across all species.
5,shared constrained-interface anchor,lowest_interface_delta,9,4xhu,4xhu__A1_P09874--4xhu__B1_Q9UNS1,receptor,naked_mole_rat,G201,200,201,G,0.1954459846019745,True,interface_constrained,shared_interface_constraint,6.0,0.3908893259290563,-0.930101090686991,2,2,ok,True,P09874,ENSHGLP00100023082.1,Use as an anchor/control case: inspect whether low-delta residues form a shared conserved interface across all species.
5,shared constrained-interface anchor,lowest_interface_delta,10,4xhu,4xhu__A1_P09874--4xhu__B1_Q9UNS1,receptor,naked_mole_rat,V315,314,315,V,0.2002408653497696,True,interface_constrained,shared_interface_constraint,6.0,0.3908893259290563,-0.930101090686991,2,2,ok,True,P09874,ENSHGLP00100023082.1,Use as an anchor/control case: inspect whether low-delta residues form a shared conserved interface across all species.
5,shared constrained-interface anchor,lowest_interface_delta,11,4xhu,4xhu__A1_P09874--4xhu__B1_Q9UNS1,receptor,naked_mole_rat,N253,252,253,N,0.20839077234268188,True,interface_constrained,shared_interface_constraint,6.0,0.3908893259290563,-0.930101090686991,2,2,ok,True,P09874,ENSHGLP00100023082.1,Use as an anchor/control case: inspect whether low-delta residues form a shared conserved interface across all species.
5,shared constrained-interface anchor,lowest_interface_delta,12,4xhu,4xhu__A1_P09874--4xhu__B1_Q9UNS1,receptor,naked_mole_rat,E208,207,208,E,0.213796928524971,True,interface_constrained,shared_interface_constraint,6.0,0.3908893259290563,-0.930101090686991,2,2,ok,True,P09874,ENSHGLP00100023082.1,Use as an anchor/control case: inspect whether low-delta residues form a shared conserved interface across all species.
6,singleton divergent outlier / artifact-risk benchmark,top_interface_delta,1,8bhv,8bhv__N1_P12956--8bhv__I1_Q9H9Q4,ligand,mouse,R170,169,170,R,0.6287015676498413,True,interface_divergent,not_applicable,,1.1781211360967956,0.38945747169403,0,0,ok,True,Q9H9Q4,NHEJ1_MOUSE,Use as an artifact-risk benchmark: inspect whether the extreme mouse signal is caused by real interface residues or mapping/interface-size issues.
6,singleton divergent outlier / artifact-risk benchmark,top_interface_delta,2,8bhv,8bhv__N1_P12956--8bhv__I1_Q9H9Q4,ligand,mouse,D171,170,171,D,0.5827779173851013,True,interface_divergent,not_applicable,,1.1781211360967956,0.38945747169403,0,0,ok,True,Q9H9Q4,NHEJ1_MOUSE,Use as an artifact-risk benchmark: inspect whether the extreme mouse signal is caused by real interface residues or mapping/interface-size issues.
6,singleton divergent outlier / artifact-risk benchmark,top_interface_delta,3,8bhv,8bhv__N1_P12956--8bhv__I1_Q9H9Q4,ligand,mouse,R172,171,172,R,0.5561509132385254,True,interface_divergent,not_applicable,,1.1781211360967956,0.38945747169403,0,0,ok,True,Q9H9Q4,NHEJ1_MOUSE,Use as an artifact-risk benchmark: inspect whether the extreme mouse signal is caused by real interface residues or mapping/interface-size issues.
6,singleton divergent outlier / artifact-risk benchmark,top_interface_delta,4,8bhv,8bhv__N1_P12956--8bhv__I1_Q9H9Q4,ligand,mouse,L168,167,168,L,0.5226216912269592,True,interface_divergent,not_applicable,,1.1781211360967956,0.38945747169403,0,0,ok,True,Q9H9Q4,NHEJ1_MOUSE,Use as an artifact-risk benchmark: inspect whether the extreme mouse signal is caused by real interface residues or mapping/interface-size issues.
6,singleton divergent outlier / artifact-risk benchmark,top_interface_delta,5,8bhv,8bhv__N1_P12956--8bhv__I1_Q9H9Q4,ligand,mouse,L173,172,173,L,0.45493385195732117,True,interface_divergent,not_applicable,,1.1781211360967956,0.38945747169403,0,0,ok,True,Q9H9Q4,NHEJ1_MOUSE,Use as an artifact-risk benchmark: inspect whether the extreme mouse signal is caused by real interface residues or mapping/interface-size issues.
6,singleton divergent outlier / artifact-risk benchmark,top_interface_delta,6,8bhv,8bhv__N1_P12956--8bhv__I1_Q9H9Q4,ligand,mouse,I169,168,169,I,0.39038777351379395,True,interface_divergent,not_applicable,,1.1781211360967956,0.38945747169403,0,0,ok,True,Q9H9Q4,NHEJ1_MOUSE,Use as an artifact-risk benchmark: inspect whether the extreme mouse signal is caused by real interface residues or mapping/interface-size issues.
6,singleton divergent outlier / artifact-risk benchmark,top_interface_delta,7,8bhv,8bhv__N1_P12956--8bhv__I1_Q9H9Q4,ligand,mouse,T167,166,167,T,0.3779732584953308,True,interface_divergent,not_applicable,,1.1781211360967956,0.38945747169403,0,0,ok,True,Q9H9Q4,NHEJ1_MOUSE,Use as an artifact-risk benchmark: inspect whether the extreme mouse signal is caused by real interface residues or mapping/interface-size issues.
6,singleton divergent outlier / artifact-risk benchmark,top_interface_delta,1,8bhv,8bhv__P1_P13010--8bhv__J1_Q9H9Q4,ligand,mouse,R221,220,221,R,1.049193263053894,True,interface_divergent,not_applicable,,2.336554384630413,3.796028265035264,3,3,ok,True,Q9H9Q4,NHEJ1_MOUSE,Use as an artifact-risk benchmark: inspect whether the extreme mouse signal is caused by real interface residues or mapping/interface-size issues.
6,singleton divergent outlier / artifact-risk benchmark,top_interface_delta,2,8bhv,8bhv__P1_P13010--8bhv__J1_Q9H9Q4,ligand,mouse,P220,219,220,P,0.9897576570510864,True,interface_divergent,not_applicable,,2.336554384630413,3.796028265035264,3,3,ok,True,Q9H9Q4,NHEJ1_MOUSE,Use as an artifact-risk benchmark: inspect whether the extreme mouse signal is caused by real interface residues or mapping/interface-size issues.
6,singleton divergent outlier / artifact-risk benchmark,top_interface_delta,3,8bhv,8bhv__P1_P13010--8bhv__J1_Q9H9Q4,ligand,mouse,F224,223,224,F,0.9189432263374329,True,interface_divergent,not_applicable,,2.336554384630413,3.796028265035264,3,3,ok,True,Q9H9Q4,NHEJ1_MOUSE,Use as an artifact-risk benchmark: inspect whether the extreme mouse signal is caused by real interface residues or mapping/interface-size issues.
6,singleton divergent outlier / artifact-risk benchmark,top_interface_delta,4,8bhv,8bhv__P1_P13010--8bhv__J1_Q9H9Q4,ligand,mouse,S225,224,225,S,0.9135259389877319,True,interface_divergent,not_applicable,,2.336554384630413,3.796028265035264,3,3,ok,True,Q9H9Q4,NHEJ1_MOUSE,Use as an artifact-risk benchmark: inspect whether the extreme mouse signal is caused by real interface residues or mapping/interface-size issues.
6,singleton divergent outlier / artifact-risk benchmark,top_interface_delta,5,8bhv,8bhv__P1_P13010--8bhv__J1_Q9H9Q4,ligand,mouse,G222,221,222,G,0.8817331790924072,True,interface_divergent,not_applicable,,2.336554384630413,3.796028265035264,3,3,ok,True,Q9H9Q4,NHEJ1_MOUSE,Use as an artifact-risk benchmark: inspect whether the extreme mouse signal is caused by real interface residues or mapping/interface-size issues.
6,singleton divergent outlier / artifact-risk benchmark,top_interface_delta,6,8bhv,8bhv__P1_P13010--8bhv__J1_Q9H9Q4,ligand,mouse,L223,222,223,L,0.8511963486671448,True,interface_divergent,not_applicable,,2.336554384630413,3.796028265035264,3,3,ok,True,Q9H9Q4,NHEJ1_MOUSE,Use as an artifact-risk benchmark: inspect whether the extreme mouse signal is caused by real interface residues or mapping/interface-size issues.
6,singleton divergent outlier / artifact-risk benchmark,top_interface_delta,7,8bhv,8bhv__P1_P13010--8bhv__J1_Q9H9Q4,ligand,mouse,K219,218,219,K,0.7783082723617554,True,interface_divergent,not_applicable,,2.336554384630413,3.796028265035264,3,3,ok,True,Q9H9Q4,NHEJ1_MOUSE,Use as an artifact-risk benchmark: inspect whether the extreme mouse signal is caused by real interface residues or mapping/interface-size issues.
