image_file,script_file,pdb_id,chain_role,target_species,view_mode,structure_chain,partner_chain,contrast_class,qc_status,n_residues,residues,legend
1nfi_receptor_c_e_myotis_lucifugus_long_lived_enhanced_interface_divergence_closeup.png,1nfi_receptor_c_e_myotis_lucifugus_long_lived_enhanced_interface_divergence_closeup.cxc,1nfi,receptor,myotis_lucifugus,Closeup,C,E,long_lived_enhanced_interface_divergence,remapped_interface_supported,12,"22,23,181,304,306,307,309,310,311,312,313,314","1nfi / receptor / Myotis lucifugus / closeup. Target chain C is shown as a gray cartoon, partner chain E as a semi-transparent blue surface, and the candidate remapped residue patch (12 residues) as orange spheres. Interpretation class: long-lived enhanced interface divergence. QC status: remapped_interface_supported."
1nfi_receptor_c_e_myotis_lucifugus_long_lived_enhanced_interface_divergence_overview.png,1nfi_receptor_c_e_myotis_lucifugus_long_lived_enhanced_interface_divergence_overview.cxc,1nfi,receptor,myotis_lucifugus,Overview,C,E,long_lived_enhanced_interface_divergence,remapped_interface_supported,12,"22,23,181,304,306,307,309,310,311,312,313,314","1nfi / receptor / Myotis lucifugus / overview. Target chain C is shown as a gray cartoon, partner chain E as a semi-transparent blue surface, and the candidate remapped residue patch (12 residues) as orange spheres. Interpretation class: long-lived enhanced interface divergence. QC status: remapped_interface_supported."
1nfi_receptor_c_e_naked_mole_rat_long_lived_enhanced_interface_divergence_closeup.png,1nfi_receptor_c_e_naked_mole_rat_long_lived_enhanced_interface_divergence_closeup.cxc,1nfi,receptor,naked_mole_rat,Closeup,C,E,long_lived_enhanced_interface_divergence,remapped_interface_supported,12,"22,181,302,304,306,307,308,309,310,311,313,314","1nfi / receptor / naked mole rat / closeup. Target chain C is shown as a gray cartoon, partner chain E as a semi-transparent blue surface, and the candidate remapped residue patch (12 residues) as orange spheres. Interpretation class: long-lived enhanced interface divergence. QC status: remapped_interface_supported."
1nfi_receptor_c_e_naked_mole_rat_long_lived_enhanced_interface_divergence_overview.png,1nfi_receptor_c_e_naked_mole_rat_long_lived_enhanced_interface_divergence_overview.cxc,1nfi,receptor,naked_mole_rat,Overview,C,E,long_lived_enhanced_interface_divergence,remapped_interface_supported,12,"22,181,302,304,306,307,308,309,310,311,313,314","1nfi / receptor / naked mole rat / overview. Target chain C is shown as a gray cartoon, partner chain E as a semi-transparent blue surface, and the candidate remapped residue patch (12 residues) as orange spheres. Interpretation class: long-lived enhanced interface divergence. QC status: remapped_interface_supported."
4xhu_receptor_c_d_mouse_not_applicable_closeup.png,4xhu_receptor_c_d_mouse_not_applicable_closeup.cxc,4xhu,receptor,mouse,Closeup,C,D,not_applicable,remapped_interface_supported,12,"876,877,878,879,882,883,893,894,895,927,991,993","4xhu / receptor / mouse / closeup. Target chain C is shown as a gray cartoon, partner chain D as a semi-transparent blue surface, and the candidate remapped residue patch (12 residues) as orange spheres. Interpretation class: control / non-priority reference case. QC status: remapped_interface_supported."
4xhu_receptor_c_d_mouse_not_applicable_overview.png,4xhu_receptor_c_d_mouse_not_applicable_overview.cxc,4xhu,receptor,mouse,Overview,C,D,not_applicable,remapped_interface_supported,12,"876,877,878,879,882,883,893,894,895,927,991,993","4xhu / receptor / mouse / overview. Target chain C is shown as a gray cartoon, partner chain D as a semi-transparent blue surface, and the candidate remapped residue patch (12 residues) as orange spheres. Interpretation class: control / non-priority reference case. QC status: remapped_interface_supported."
4xhu_receptor_c_d_myotis_lucifugus_shared_interface_constraint_closeup.png,4xhu_receptor_c_d_myotis_lucifugus_shared_interface_constraint_closeup.cxc,4xhu,receptor,myotis_lucifugus,Closeup,C,D,shared_interface_constraint,remapped_interface_supported,12,"875,876,877,878,881,882,883,893,894,895,926,927","4xhu / receptor / Myotis lucifugus / closeup. Target chain C is shown as a gray cartoon, partner chain D as a semi-transparent blue surface, and the candidate remapped residue patch (12 residues) as orange spheres. Interpretation class: shared interface constraint. QC status: remapped_interface_supported."
4xhu_receptor_c_d_myotis_lucifugus_shared_interface_constraint_overview.png,4xhu_receptor_c_d_myotis_lucifugus_shared_interface_constraint_overview.cxc,4xhu,receptor,myotis_lucifugus,Overview,C,D,shared_interface_constraint,remapped_interface_supported,12,"875,876,877,878,881,882,883,893,894,895,926,927","4xhu / receptor / Myotis lucifugus / overview. Target chain C is shown as a gray cartoon, partner chain D as a semi-transparent blue surface, and the candidate remapped residue patch (12 residues) as orange spheres. Interpretation class: shared interface constraint. QC status: remapped_interface_supported."
4xhu_receptor_c_d_naked_mole_rat_shared_interface_constraint_closeup.png,4xhu_receptor_c_d_naked_mole_rat_shared_interface_constraint_closeup.cxc,4xhu,receptor,naked_mole_rat,Closeup,C,D,shared_interface_constraint,remapped_interface_supported,12,"876,877,878,879,882,883,893,894,895,928,991,993","4xhu / receptor / naked mole rat / closeup. Target chain C is shown as a gray cartoon, partner chain D as a semi-transparent blue surface, and the candidate remapped residue patch (12 residues) as orange spheres. Interpretation class: shared interface constraint. QC status: remapped_interface_supported."
4xhu_receptor_c_d_naked_mole_rat_shared_interface_constraint_overview.png,4xhu_receptor_c_d_naked_mole_rat_shared_interface_constraint_overview.cxc,4xhu,receptor,naked_mole_rat,Overview,C,D,shared_interface_constraint,remapped_interface_supported,12,"876,877,878,879,882,883,893,894,895,928,991,993","4xhu / receptor / naked mole rat / overview. Target chain C is shown as a gray cartoon, partner chain D as a semi-transparent blue surface, and the candidate remapped residue patch (12 residues) as orange spheres. Interpretation class: shared interface constraint. QC status: remapped_interface_supported."
7s68_receptor_a_b_naked_mole_rat_long_lived_specific_interface_divergence_closeup.png,7s68_receptor_a_b_naked_mole_rat_long_lived_specific_interface_divergence_closeup.cxc,7s68,receptor,naked_mole_rat,Closeup,A,B,long_lived_specific_interface_divergence,remapped_interface_supported,12,"5,6,40,41,42,43,44,45,46,47,311,313","7s68 / receptor / naked mole rat / closeup. Target chain A is shown as a gray cartoon, partner chain B as a semi-transparent blue surface, and the candidate remapped residue patch (12 residues) as orange spheres. Interpretation class: long-lived specific interface divergence. QC status: remapped_interface_supported."
7s68_receptor_a_b_naked_mole_rat_long_lived_specific_interface_divergence_overview.png,7s68_receptor_a_b_naked_mole_rat_long_lived_specific_interface_divergence_overview.cxc,7s68,receptor,naked_mole_rat,Overview,A,B,long_lived_specific_interface_divergence,remapped_interface_supported,12,"5,6,40,41,42,43,44,45,46,47,311,313","7s68 / receptor / naked mole rat / overview. Target chain A is shown as a gray cartoon, partner chain B as a semi-transparent blue surface, and the candidate remapped residue patch (12 residues) as orange spheres. Interpretation class: long-lived specific interface divergence. QC status: remapped_interface_supported."
8bhv_ligand_q_h_mouse_not_applicable_closeup.png,8bhv_ligand_q_h_mouse_not_applicable_closeup.cxc,8bhv,ligand,mouse,Closeup,Q,h,not_applicable,remapped_interface_supported,7,"173,174,175,176,177,178,179","8bhv / ligand / mouse / closeup. Target chain Q is shown as a gray cartoon, partner chain h as a semi-transparent blue surface, and the candidate remapped residue patch (7 residues) as orange spheres. Interpretation class: control / non-priority reference case. QC status: remapped_interface_supported."
8bhv_ligand_q_h_mouse_not_applicable_overview.png,8bhv_ligand_q_h_mouse_not_applicable_overview.cxc,8bhv,ligand,mouse,Overview,Q,h,not_applicable,remapped_interface_supported,7,"173,174,175,176,177,178,179","8bhv / ligand / mouse / overview. Target chain Q is shown as a gray cartoon, partner chain h as a semi-transparent blue surface, and the candidate remapped residue patch (7 residues) as orange spheres. Interpretation class: control / non-priority reference case. QC status: remapped_interface_supported."
8bhv_ligand_r_j_mouse_not_applicable_closeup.png,8bhv_ligand_r_j_mouse_not_applicable_closeup.cxc,8bhv,ligand,mouse,Closeup,R,j,not_applicable,remapped_interface_supported,7,"293,294,295,296,297,298,299","8bhv / ligand / mouse / closeup. Target chain R is shown as a gray cartoon, partner chain j as a semi-transparent blue surface, and the candidate remapped residue patch (7 residues) as orange spheres. Interpretation class: control / non-priority reference case. QC status: remapped_interface_supported."
8bhv_ligand_r_j_mouse_not_applicable_overview.png,8bhv_ligand_r_j_mouse_not_applicable_overview.cxc,8bhv,ligand,mouse,Overview,R,j,not_applicable,remapped_interface_supported,7,"293,294,295,296,297,298,299","8bhv / ligand / mouse / overview. Target chain R is shown as a gray cartoon, partner chain j as a semi-transparent blue surface, and the candidate remapped residue patch (7 residues) as orange spheres. Interpretation class: control / non-priority reference case. QC status: remapped_interface_supported."
8f86_receptor_k_d_myotis_lucifugus_long_lived_specific_interface_constraint_closeup.png,8f86_receptor_k_d_myotis_lucifugus_long_lived_specific_interface_constraint_closeup.cxc,8f86,receptor,myotis_lucifugus,Closeup,K,D,long_lived_specific_interface_constraint,remapped_interface_supported,8,"170,171,172,173,174,175,176,178","8f86 / receptor / Myotis lucifugus / closeup. Target chain K is shown as a gray cartoon, partner chain D as a semi-transparent blue surface, and the candidate remapped residue patch (8 residues) as orange spheres. Interpretation class: long-lived specific interface constraint. QC status: remapped_interface_supported."
8f86_receptor_k_d_myotis_lucifugus_long_lived_specific_interface_constraint_overview.png,8f86_receptor_k_d_myotis_lucifugus_long_lived_specific_interface_constraint_overview.cxc,8f86,receptor,myotis_lucifugus,Overview,K,D,long_lived_specific_interface_constraint,remapped_interface_supported,8,"170,171,172,173,174,175,176,178","8f86 / receptor / Myotis lucifugus / overview. Target chain K is shown as a gray cartoon, partner chain D as a semi-transparent blue surface, and the candidate remapped residue patch (8 residues) as orange spheres. Interpretation class: long-lived specific interface constraint. QC status: remapped_interface_supported."
8g57_ligand_g_k_myotis_lucifugus_long_lived_specific_interface_divergence_closeup.png,8g57_ligand_g_k_myotis_lucifugus_long_lived_specific_interface_divergence_closeup.cxc,8g57,ligand,myotis_lucifugus,Closeup,G,K,long_lived_specific_interface_divergence,remapped_interface_supported,12,"22,56,63,71,120,121,122,123,124,125,126,127","8g57 / ligand / Myotis lucifugus / closeup. Target chain G is shown as a gray cartoon, partner chain K as a semi-transparent blue surface, and the candidate remapped residue patch (12 residues) as orange spheres. Interpretation class: long-lived specific interface divergence. QC status: remapped_interface_supported."
8g57_ligand_g_k_myotis_lucifugus_long_lived_specific_interface_divergence_overview.png,8g57_ligand_g_k_myotis_lucifugus_long_lived_specific_interface_divergence_overview.cxc,8g57,ligand,myotis_lucifugus,Overview,G,K,long_lived_specific_interface_divergence,remapped_interface_supported,12,"22,56,63,71,120,121,122,123,124,125,126,127","8g57 / ligand / Myotis lucifugus / overview. Target chain G is shown as a gray cartoon, partner chain K as a semi-transparent blue surface, and the candidate remapped residue patch (12 residues) as orange spheres. Interpretation class: long-lived specific interface divergence. QC status: remapped_interface_supported."
8g57_ligand_g_k_naked_mole_rat_long_lived_specific_interface_divergence_closeup.png,8g57_ligand_g_k_naked_mole_rat_long_lived_specific_interface_divergence_closeup.cxc,8g57,ligand,naked_mole_rat,Closeup,G,K,long_lived_specific_interface_divergence,remapped_interface_supported,12,"24,52,55,56,57,58,59,60,61,62,64,127","8g57 / ligand / naked mole rat / closeup. Target chain G is shown as a gray cartoon, partner chain K as a semi-transparent blue surface, and the candidate remapped residue patch (12 residues) as orange spheres. Interpretation class: long-lived specific interface divergence. QC status: remapped_interface_supported."
8g57_ligand_g_k_naked_mole_rat_long_lived_specific_interface_divergence_overview.png,8g57_ligand_g_k_naked_mole_rat_long_lived_specific_interface_divergence_overview.cxc,8g57,ligand,naked_mole_rat,Overview,G,K,long_lived_specific_interface_divergence,remapped_interface_supported,12,"24,52,55,56,57,58,59,60,61,62,64,127","8g57 / ligand / naked mole rat / overview. Target chain G is shown as a gray cartoon, partner chain K as a semi-transparent blue surface, and the candidate remapped residue patch (12 residues) as orange spheres. Interpretation class: long-lived specific interface divergence. QC status: remapped_interface_supported."
