candidate_type,complex_id,pdb_id,chain,structure_chain,partner_structure_chain,target_species,source_uniprot,target_uniprot,reference_sequence_residue_number,residue_aa,delta,candidate_rank,contrast_class,contrast_priority,review_case,selection_mode,signal_class,enrichment_ratio,effect_size_cohens_d,mapped_sequence_score_R,mapped_sequence_score_L,mapped_interface_R,mapped_interface_L,mapped_atom_contacts,mapped_interface_qc_status
priority_1: SIRT6-nucleosome long-lived interface divergence candidate,8g57__A1_Q8N6T7--8g57__H1_P04908,8g57,ligand,G,K,myotis_lucifugus,P04908,G1P399,116,A,1.3912630081176758,1,long_lived_specific_interface_divergence,1.0,SIRT6-nucleosome long-lived interface divergence candidate,top_interface_delta,interface_divergent_not_significant,1.2847674912092797,0.354482528525112,1.0,1.0,27,38,1624,ok
priority_1: SIRT6-nucleosome long-lived interface divergence candidate,8g57__A1_Q8N6T7--8g57__H1_P04908,8g57,ligand,G,K,myotis_lucifugus,P04908,G1P399,115,K,1.2162213325500488,2,long_lived_specific_interface_divergence,1.0,SIRT6-nucleosome long-lived interface divergence candidate,top_interface_delta,interface_divergent_not_significant,1.2847674912092797,0.354482528525112,1.0,1.0,27,38,1624,ok
priority_1: SIRT6-nucleosome long-lived interface divergence candidate,8g57__A1_Q8N6T7--8g57__H1_P04908,8g57,ligand,G,K,myotis_lucifugus,P04908,G1P399,114,H,1.1905540227890017,3,long_lived_specific_interface_divergence,1.0,SIRT6-nucleosome long-lived interface divergence candidate,top_interface_delta,interface_divergent_not_significant,1.2847674912092797,0.354482528525112,1.0,1.0,27,38,1624,ok
priority_1: SIRT6-nucleosome long-lived interface divergence candidate,8g57__A1_Q8N6T7--8g57__H1_P04908,8g57,ligand,G,K,myotis_lucifugus,P04908,G1P399,113,H,1.1724488735198977,4,long_lived_specific_interface_divergence,1.0,SIRT6-nucleosome long-lived interface divergence candidate,top_interface_delta,interface_divergent_not_significant,1.2847674912092797,0.354482528525112,1.0,1.0,27,38,1624,ok
priority_1: SIRT6-nucleosome long-lived interface divergence candidate,8g57__A1_Q8N6T7--8g57__H1_P04908,8g57,ligand,G,K,myotis_lucifugus,P04908,G1P399,112,S,1.1136844158172607,5,long_lived_specific_interface_divergence,1.0,SIRT6-nucleosome long-lived interface divergence candidate,top_interface_delta,interface_divergent_not_significant,1.2847674912092797,0.354482528525112,1.0,1.0,27,38,1624,ok
priority_1: SIRT6-nucleosome long-lived interface divergence candidate,8g57__A1_Q8N6T7--8g57__H1_P04908,8g57,ligand,G,K,myotis_lucifugus,P04908,G1P399,117,K,1.098460674285889,6,long_lived_specific_interface_divergence,1.0,SIRT6-nucleosome long-lived interface divergence candidate,top_interface_delta,interface_divergent_not_significant,1.2847674912092797,0.354482528525112,1.0,1.0,27,38,1624,ok
priority_1: SIRT6-nucleosome long-lived interface divergence candidate,8g57__A1_Q8N6T7--8g57__H1_P04908,8g57,ligand,G,K,myotis_lucifugus,P04908,G1P399,111,E,0.8613532185554504,7,long_lived_specific_interface_divergence,1.0,SIRT6-nucleosome long-lived interface divergence candidate,top_interface_delta,interface_divergent_not_significant,1.2847674912092797,0.354482528525112,1.0,1.0,27,38,1624,ok
priority_1: SIRT6-nucleosome long-lived interface divergence candidate,8g57__A1_Q8N6T7--8g57__H1_P04908,8g57,ligand,G,K,myotis_lucifugus,P04908,G1P399,110,T,0.5277263522148132,8,long_lived_specific_interface_divergence,1.0,SIRT6-nucleosome long-lived interface divergence candidate,top_interface_delta,interface_divergent_not_significant,1.2847674912092797,0.354482528525112,1.0,1.0,27,38,1624,ok
priority_1: SIRT6-nucleosome long-lived interface divergence candidate,8g57__A1_Q8N6T7--8g57__H1_P04908,8g57,ligand,G,K,myotis_lucifugus,P04908,G1P399,12,G,0.3269266784191131,9,long_lived_specific_interface_divergence,1.0,SIRT6-nucleosome long-lived interface divergence candidate,top_interface_delta,interface_divergent_not_significant,1.2847674912092797,0.354482528525112,1.0,1.0,27,38,1624,ok
priority_1: SIRT6-nucleosome long-lived interface divergence candidate,8g57__A1_Q8N6T7--8g57__H1_P04908,8g57,ligand,G,K,myotis_lucifugus,P04908,G1P399,53,L,0.3124822676181793,10,long_lived_specific_interface_divergence,1.0,SIRT6-nucleosome long-lived interface divergence candidate,top_interface_delta,interface_divergent_not_significant,1.2847674912092797,0.354482528525112,1.0,1.0,27,38,1624,ok
priority_1: SIRT6-nucleosome long-lived interface divergence candidate,8g57__A1_Q8N6T7--8g57__H1_P04908,8g57,ligand,G,K,myotis_lucifugus,P04908,G1P399,61,R,0.3098514974117279,11,long_lived_specific_interface_divergence,1.0,SIRT6-nucleosome long-lived interface divergence candidate,top_interface_delta,interface_divergent_not_significant,1.2847674912092797,0.354482528525112,1.0,1.0,27,38,1624,ok
priority_1: SIRT6-nucleosome long-lived interface divergence candidate,8g57__A1_Q8N6T7--8g57__H1_P04908,8g57,ligand,G,K,myotis_lucifugus,P04908,G1P399,46,E,0.3098365664482116,12,long_lived_specific_interface_divergence,1.0,SIRT6-nucleosome long-lived interface divergence candidate,top_interface_delta,interface_divergent_not_significant,1.2847674912092797,0.354482528525112,1.0,1.0,27,38,1624,ok
priority_1: SIRT6-nucleosome long-lived interface divergence candidate,8g57__A1_Q8N6T7--8g57__H1_P04908,8g57,ligand,G,K,naked_mole_rat,P04908,G5BV53,47,Y,1.519603252410889,1,long_lived_specific_interface_divergence,1.0,SIRT6-nucleosome long-lived interface divergence candidate,top_interface_delta,interface_divergent_not_significant,1.4125053097198987,0.4975022433959586,1.0,1.0,27,38,1624,ok
priority_1: SIRT6-nucleosome long-lived interface divergence candidate,8g57__A1_Q8N6T7--8g57__H1_P04908,8g57,ligand,G,K,naked_mole_rat,P04908,G5BV53,46,E,1.3705759048461914,2,long_lived_specific_interface_divergence,1.0,SIRT6-nucleosome long-lived interface divergence candidate,top_interface_delta,interface_divergent_not_significant,1.4125053097198987,0.4975022433959586,1.0,1.0,27,38,1624,ok
priority_1: SIRT6-nucleosome long-lived interface divergence candidate,8g57__A1_Q8N6T7--8g57__H1_P04908,8g57,ligand,G,K,naked_mole_rat,P04908,G5BV53,48,L,1.206655502319336,3,long_lived_specific_interface_divergence,1.0,SIRT6-nucleosome long-lived interface divergence candidate,top_interface_delta,interface_divergent_not_significant,1.4125053097198987,0.4975022433959586,1.0,1.0,27,38,1624,ok
priority_1: SIRT6-nucleosome long-lived interface divergence candidate,8g57__A1_Q8N6T7--8g57__H1_P04908,8g57,ligand,G,K,naked_mole_rat,P04908,G5BV53,49,T,1.155354619026184,4,long_lived_specific_interface_divergence,1.0,SIRT6-nucleosome long-lived interface divergence candidate,top_interface_delta,interface_divergent_not_significant,1.4125053097198987,0.4975022433959586,1.0,1.0,27,38,1624,ok
priority_1: SIRT6-nucleosome long-lived interface divergence candidate,8g57__A1_Q8N6T7--8g57__H1_P04908,8g57,ligand,G,K,naked_mole_rat,P04908,G5BV53,45,L,1.1474350690841677,5,long_lived_specific_interface_divergence,1.0,SIRT6-nucleosome long-lived interface divergence candidate,top_interface_delta,interface_divergent_not_significant,1.4125053097198987,0.4975022433959586,1.0,1.0,27,38,1624,ok
priority_1: SIRT6-nucleosome long-lived interface divergence candidate,8g57__A1_Q8N6T7--8g57__H1_P04908,8g57,ligand,G,K,naked_mole_rat,P04908,G5BV53,50,A,0.7323123812675476,6,long_lived_specific_interface_divergence,1.0,SIRT6-nucleosome long-lived interface divergence candidate,top_interface_delta,interface_divergent_not_significant,1.4125053097198987,0.4975022433959586,1.0,1.0,27,38,1624,ok
priority_1: SIRT6-nucleosome long-lived interface divergence candidate,8g57__A1_Q8N6T7--8g57__H1_P04908,8g57,ligand,G,K,naked_mole_rat,P04908,G5BV53,51,E,0.527976393699646,7,long_lived_specific_interface_divergence,1.0,SIRT6-nucleosome long-lived interface divergence candidate,top_interface_delta,interface_divergent_not_significant,1.4125053097198987,0.4975022433959586,1.0,1.0,27,38,1624,ok
priority_1: SIRT6-nucleosome long-lived interface divergence candidate,8g57__A1_Q8N6T7--8g57__H1_P04908,8g57,ligand,G,K,naked_mole_rat,P04908,G5BV53,117,K,0.4607723653316498,8,long_lived_specific_interface_divergence,1.0,SIRT6-nucleosome long-lived interface divergence candidate,top_interface_delta,interface_divergent_not_significant,1.4125053097198987,0.4975022433959586,1.0,1.0,27,38,1624,ok
priority_1: SIRT6-nucleosome long-lived interface divergence candidate,8g57__A1_Q8N6T7--8g57__H1_P04908,8g57,ligand,G,K,naked_mole_rat,P04908,G5BV53,42,A,0.4251539707183838,9,long_lived_specific_interface_divergence,1.0,SIRT6-nucleosome long-lived interface divergence candidate,top_interface_delta,interface_divergent_not_significant,1.4125053097198987,0.4975022433959586,1.0,1.0,27,38,1624,ok
priority_1: SIRT6-nucleosome long-lived interface divergence candidate,8g57__A1_Q8N6T7--8g57__H1_P04908,8g57,ligand,G,K,naked_mole_rat,P04908,G5BV53,14,Q,0.4243042469024658,10,long_lived_specific_interface_divergence,1.0,SIRT6-nucleosome long-lived interface divergence candidate,top_interface_delta,interface_divergent_not_significant,1.4125053097198987,0.4975022433959586,1.0,1.0,27,38,1624,ok
priority_1: SIRT6-nucleosome long-lived interface divergence candidate,8g57__A1_Q8N6T7--8g57__H1_P04908,8g57,ligand,G,K,naked_mole_rat,P04908,G5BV53,54,E,0.4192361533641815,11,long_lived_specific_interface_divergence,1.0,SIRT6-nucleosome long-lived interface divergence candidate,top_interface_delta,interface_divergent_not_significant,1.4125053097198987,0.4975022433959586,1.0,1.0,27,38,1624,ok
priority_1: SIRT6-nucleosome long-lived interface divergence candidate,8g57__A1_Q8N6T7--8g57__H1_P04908,8g57,ligand,G,K,naked_mole_rat,P04908,G5BV53,52,I,0.4173673093318939,12,long_lived_specific_interface_divergence,1.0,SIRT6-nucleosome long-lived interface divergence candidate,top_interface_delta,interface_divergent_not_significant,1.4125053097198987,0.4975022433959586,1.0,1.0,27,38,1624,ok
priority_2: NF-kappaB regulatory-interface rewiring candidate,1nfi__A1_Q04206--1nfi__F1_P25963,1nfi,receptor,C,E,myotis_lucifugus,Q04206,G1PC32,162,H,0.8878975510597229,1,long_lived_enhanced_interface_divergence,2.0,NF-kappaB regulatory-interface rewiring candidate,top_interface_delta,interface_divergent,1.3024618195429014,0.6582414156790457,0.9800664451827242,1.0,70,91,5860,ok
priority_2: NF-kappaB regulatory-interface rewiring candidate,1nfi__A1_Q04206--1nfi__F1_P25963,1nfi,receptor,C,E,myotis_lucifugus,Q04206,G1PC32,4,I,0.6829115748405457,2,long_lived_enhanced_interface_divergence,2.0,NF-kappaB regulatory-interface rewiring candidate,top_interface_delta,interface_divergent,1.3024618195429014,0.6582414156790457,0.9800664451827242,1.0,70,91,5860,ok
priority_2: NF-kappaB regulatory-interface rewiring candidate,1nfi__A1_Q04206--1nfi__F1_P25963,1nfi,receptor,C,E,myotis_lucifugus,Q04206,G1PC32,291,K,0.6275243163108826,3,long_lived_enhanced_interface_divergence,2.0,NF-kappaB regulatory-interface rewiring candidate,top_interface_delta,interface_divergent,1.3024618195429014,0.6582414156790457,0.9800664451827242,1.0,70,91,5860,ok
priority_2: NF-kappaB regulatory-interface rewiring candidate,1nfi__A1_Q04206--1nfi__F1_P25963,1nfi,receptor,C,E,myotis_lucifugus,Q04206,G1PC32,290,F,0.5658968091011047,4,long_lived_enhanced_interface_divergence,2.0,NF-kappaB regulatory-interface rewiring candidate,top_interface_delta,interface_divergent,1.3024618195429014,0.6582414156790457,0.9800664451827242,1.0,70,91,5860,ok
priority_2: NF-kappaB regulatory-interface rewiring candidate,1nfi__A1_Q04206--1nfi__F1_P25963,1nfi,receptor,C,E,myotis_lucifugus,Q04206,G1PC32,295,K,0.5470553040504456,5,long_lived_enhanced_interface_divergence,2.0,NF-kappaB regulatory-interface rewiring candidate,top_interface_delta,interface_divergent,1.3024618195429014,0.6582414156790457,0.9800664451827242,1.0,70,91,5860,ok
priority_2: NF-kappaB regulatory-interface rewiring candidate,1nfi__A1_Q04206--1nfi__F1_P25963,1nfi,receptor,C,E,myotis_lucifugus,Q04206,G1PC32,287,Y,0.5187550187110901,6,long_lived_enhanced_interface_divergence,2.0,NF-kappaB regulatory-interface rewiring candidate,top_interface_delta,interface_divergent,1.3024618195429014,0.6582414156790457,0.9800664451827242,1.0,70,91,5860,ok
priority_2: NF-kappaB regulatory-interface rewiring candidate,1nfi__A1_Q04206--1nfi__F1_P25963,1nfi,receptor,C,E,myotis_lucifugus,Q04206,G1PC32,288,E,0.5111854076385498,7,long_lived_enhanced_interface_divergence,2.0,NF-kappaB regulatory-interface rewiring candidate,top_interface_delta,interface_divergent,1.3024618195429014,0.6582414156790457,0.9800664451827242,1.0,70,91,5860,ok
priority_2: NF-kappaB regulatory-interface rewiring candidate,1nfi__A1_Q04206--1nfi__F1_P25963,1nfi,receptor,C,E,myotis_lucifugus,Q04206,G1PC32,3,E,0.4892698228359222,8,long_lived_enhanced_interface_divergence,2.0,NF-kappaB regulatory-interface rewiring candidate,top_interface_delta,interface_divergent,1.3024618195429014,0.6582414156790457,0.9800664451827242,1.0,70,91,5860,ok
priority_2: NF-kappaB regulatory-interface rewiring candidate,1nfi__A1_Q04206--1nfi__F1_P25963,1nfi,receptor,C,E,myotis_lucifugus,Q04206,G1PC32,294,M,0.4875933825969696,9,long_lived_enhanced_interface_divergence,2.0,NF-kappaB regulatory-interface rewiring candidate,top_interface_delta,interface_divergent,1.3024618195429014,0.6582414156790457,0.9800664451827242,1.0,70,91,5860,ok
priority_2: NF-kappaB regulatory-interface rewiring candidate,1nfi__A1_Q04206--1nfi__F1_P25963,1nfi,receptor,C,E,myotis_lucifugus,Q04206,G1PC32,292,S,0.4553633630275726,10,long_lived_enhanced_interface_divergence,2.0,NF-kappaB regulatory-interface rewiring candidate,top_interface_delta,interface_divergent,1.3024618195429014,0.6582414156790457,0.9800664451827242,1.0,70,91,5860,ok
priority_2: NF-kappaB regulatory-interface rewiring candidate,1nfi__A1_Q04206--1nfi__F1_P25963,1nfi,receptor,C,E,myotis_lucifugus,Q04206,G1PC32,285,R,0.4401343166828155,11,long_lived_enhanced_interface_divergence,2.0,NF-kappaB regulatory-interface rewiring candidate,top_interface_delta,interface_divergent,1.3024618195429014,0.6582414156790457,0.9800664451827242,1.0,70,91,5860,ok
priority_2: NF-kappaB regulatory-interface rewiring candidate,1nfi__A1_Q04206--1nfi__F1_P25963,1nfi,receptor,C,E,myotis_lucifugus,Q04206,G1PC32,293,I,0.4222641885280609,12,long_lived_enhanced_interface_divergence,2.0,NF-kappaB regulatory-interface rewiring candidate,top_interface_delta,interface_divergent,1.3024618195429014,0.6582414156790457,0.9800664451827242,1.0,70,91,5860,ok
priority_2: NF-kappaB regulatory-interface rewiring candidate,1nfi__A1_Q04206--1nfi__F1_P25963,1nfi,receptor,C,E,naked_mole_rat,Q04206,ENSHGLP00100021729.1,162,H,0.9289126992225648,1,long_lived_enhanced_interface_divergence,2.0,NF-kappaB regulatory-interface rewiring candidate,top_interface_delta,interface_divergent,1.3189556336232766,0.6987594394781628,0.9800664451827242,1.0,70,91,5860,ok
priority_2: NF-kappaB regulatory-interface rewiring candidate,1nfi__A1_Q04206--1nfi__F1_P25963,1nfi,receptor,C,E,naked_mole_rat,Q04206,ENSHGLP00100021729.1,291,K,0.6618296504020691,2,long_lived_enhanced_interface_divergence,2.0,NF-kappaB regulatory-interface rewiring candidate,top_interface_delta,interface_divergent,1.3189556336232766,0.6987594394781628,0.9800664451827242,1.0,70,91,5860,ok
priority_2: NF-kappaB regulatory-interface rewiring candidate,1nfi__A1_Q04206--1nfi__F1_P25963,1nfi,receptor,C,E,naked_mole_rat,Q04206,ENSHGLP00100021729.1,290,F,0.5841180682182312,3,long_lived_enhanced_interface_divergence,2.0,NF-kappaB regulatory-interface rewiring candidate,top_interface_delta,interface_divergent,1.3189556336232766,0.6987594394781628,0.9800664451827242,1.0,70,91,5860,ok
priority_2: NF-kappaB regulatory-interface rewiring candidate,1nfi__A1_Q04206--1nfi__F1_P25963,1nfi,receptor,C,E,naked_mole_rat,Q04206,ENSHGLP00100021729.1,295,K,0.5837349891662598,4,long_lived_enhanced_interface_divergence,2.0,NF-kappaB regulatory-interface rewiring candidate,top_interface_delta,interface_divergent,1.3189556336232766,0.6987594394781628,0.9800664451827242,1.0,70,91,5860,ok
priority_2: NF-kappaB regulatory-interface rewiring candidate,1nfi__A1_Q04206--1nfi__F1_P25963,1nfi,receptor,C,E,naked_mole_rat,Q04206,ENSHGLP00100021729.1,288,E,0.5658864974975586,5,long_lived_enhanced_interface_divergence,2.0,NF-kappaB regulatory-interface rewiring candidate,top_interface_delta,interface_divergent,1.3189556336232766,0.6987594394781628,0.9800664451827242,1.0,70,91,5860,ok
priority_2: NF-kappaB regulatory-interface rewiring candidate,1nfi__A1_Q04206--1nfi__F1_P25963,1nfi,receptor,C,E,naked_mole_rat,Q04206,ENSHGLP00100021729.1,292,S,0.5539042353630066,6,long_lived_enhanced_interface_divergence,2.0,NF-kappaB regulatory-interface rewiring candidate,top_interface_delta,interface_divergent,1.3189556336232766,0.6987594394781628,0.9800664451827242,1.0,70,91,5860,ok
priority_2: NF-kappaB regulatory-interface rewiring candidate,1nfi__A1_Q04206--1nfi__F1_P25963,1nfi,receptor,C,E,naked_mole_rat,Q04206,ENSHGLP00100021729.1,287,Y,0.5244584679603577,7,long_lived_enhanced_interface_divergence,2.0,NF-kappaB regulatory-interface rewiring candidate,top_interface_delta,interface_divergent,1.3189556336232766,0.6987594394781628,0.9800664451827242,1.0,70,91,5860,ok
priority_2: NF-kappaB regulatory-interface rewiring candidate,1nfi__A1_Q04206--1nfi__F1_P25963,1nfi,receptor,C,E,naked_mole_rat,Q04206,ENSHGLP00100021729.1,294,M,0.5126267075538635,8,long_lived_enhanced_interface_divergence,2.0,NF-kappaB regulatory-interface rewiring candidate,top_interface_delta,interface_divergent,1.3189556336232766,0.6987594394781628,0.9800664451827242,1.0,70,91,5860,ok
priority_2: NF-kappaB regulatory-interface rewiring candidate,1nfi__A1_Q04206--1nfi__F1_P25963,1nfi,receptor,C,E,naked_mole_rat,Q04206,ENSHGLP00100021729.1,3,E,0.4804570972919464,9,long_lived_enhanced_interface_divergence,2.0,NF-kappaB regulatory-interface rewiring candidate,top_interface_delta,interface_divergent,1.3189556336232766,0.6987594394781628,0.9800664451827242,1.0,70,91,5860,ok
priority_2: NF-kappaB regulatory-interface rewiring candidate,1nfi__A1_Q04206--1nfi__F1_P25963,1nfi,receptor,C,E,naked_mole_rat,Q04206,ENSHGLP00100021729.1,285,R,0.4694352746009826,10,long_lived_enhanced_interface_divergence,2.0,NF-kappaB regulatory-interface rewiring candidate,top_interface_delta,interface_divergent,1.3189556336232766,0.6987594394781628,0.9800664451827242,1.0,70,91,5860,ok
priority_2: NF-kappaB regulatory-interface rewiring candidate,1nfi__A1_Q04206--1nfi__F1_P25963,1nfi,receptor,C,E,naked_mole_rat,Q04206,ENSHGLP00100021729.1,283,R,0.4489496648311615,11,long_lived_enhanced_interface_divergence,2.0,NF-kappaB regulatory-interface rewiring candidate,top_interface_delta,interface_divergent,1.3189556336232766,0.6987594394781628,0.9800664451827242,1.0,70,91,5860,ok
priority_2: NF-kappaB regulatory-interface rewiring candidate,1nfi__A1_Q04206--1nfi__F1_P25963,1nfi,receptor,C,E,naked_mole_rat,Q04206,ENSHGLP00100021729.1,289,T,0.44398233294487,12,long_lived_enhanced_interface_divergence,2.0,NF-kappaB regulatory-interface rewiring candidate,top_interface_delta,interface_divergent,1.3189556336232766,0.6987594394781628,0.9800664451827242,1.0,70,91,5860,ok
priority_3: PARP1-linked cautious long-lived-specific candidate,7s68__D1_P09874--7s68__C1_P09874,7s68,receptor,A,B,naked_mole_rat,P09874,ENSHGLP00100023082.1,1,S,1.817502498626709,1,long_lived_specific_interface_divergence,1.0,PARP1-linked cautious long-lived-specific candidate,top_interface_delta,interface_divergent_not_significant,1.2941332632390246,0.3840170889595347,1.0,1.0,25,53,3315,ok
priority_3: PARP1-linked cautious long-lived-specific candidate,7s68__D1_P09874--7s68__C1_P09874,7s68,receptor,A,B,naked_mole_rat,P09874,ENSHGLP00100023082.1,36,Q,1.7134284973144531,2,long_lived_specific_interface_divergence,1.0,PARP1-linked cautious long-lived-specific candidate,top_interface_delta,interface_divergent_not_significant,1.2941332632390246,0.3840170889595347,1.0,1.0,25,53,3315,ok
priority_3: PARP1-linked cautious long-lived-specific candidate,7s68__D1_P09874--7s68__C1_P09874,7s68,receptor,A,B,naked_mole_rat,P09874,ENSHGLP00100023082.1,38,P,1.6919708251953125,3,long_lived_specific_interface_divergence,1.0,PARP1-linked cautious long-lived-specific candidate,top_interface_delta,interface_divergent_not_significant,1.2941332632390246,0.3840170889595347,1.0,1.0,25,53,3315,ok
priority_3: PARP1-linked cautious long-lived-specific candidate,7s68__D1_P09874--7s68__C1_P09874,7s68,receptor,A,B,naked_mole_rat,P09874,ENSHGLP00100023082.1,37,S,1.6506599187850952,4,long_lived_specific_interface_divergence,1.0,PARP1-linked cautious long-lived-specific candidate,top_interface_delta,interface_divergent_not_significant,1.2941332632390246,0.3840170889595347,1.0,1.0,25,53,3315,ok
priority_3: PARP1-linked cautious long-lived-specific candidate,7s68__D1_P09874--7s68__C1_P09874,7s68,receptor,A,B,naked_mole_rat,P09874,ENSHGLP00100023082.1,40,F,1.612911820411682,5,long_lived_specific_interface_divergence,1.0,PARP1-linked cautious long-lived-specific candidate,top_interface_delta,interface_divergent_not_significant,1.2941332632390246,0.3840170889595347,1.0,1.0,25,53,3315,ok
priority_3: PARP1-linked cautious long-lived-specific candidate,7s68__D1_P09874--7s68__C1_P09874,7s68,receptor,A,B,naked_mole_rat,P09874,ENSHGLP00100023082.1,41,D,1.5883797407150269,6,long_lived_specific_interface_divergence,1.0,PARP1-linked cautious long-lived-specific candidate,top_interface_delta,interface_divergent_not_significant,1.2941332632390246,0.3840170889595347,1.0,1.0,25,53,3315,ok
priority_3: PARP1-linked cautious long-lived-specific candidate,7s68__D1_P09874--7s68__C1_P09874,7s68,receptor,A,B,naked_mole_rat,P09874,ENSHGLP00100023082.1,2,D,1.4903485774993896,7,long_lived_specific_interface_divergence,1.0,PARP1-linked cautious long-lived-specific candidate,top_interface_delta,interface_divergent_not_significant,1.2941332632390246,0.3840170889595347,1.0,1.0,25,53,3315,ok
priority_3: PARP1-linked cautious long-lived-specific candidate,7s68__D1_P09874--7s68__C1_P09874,7s68,receptor,A,B,naked_mole_rat,P09874,ENSHGLP00100023082.1,39,M,1.4432135820388794,8,long_lived_specific_interface_divergence,1.0,PARP1-linked cautious long-lived-specific candidate,top_interface_delta,interface_divergent_not_significant,1.2941332632390246,0.3840170889595347,1.0,1.0,25,53,3315,ok
priority_3: PARP1-linked cautious long-lived-specific candidate,7s68__D1_P09874--7s68__C1_P09874,7s68,receptor,A,B,naked_mole_rat,P09874,ENSHGLP00100023082.1,43,K,1.4041659832000732,9,long_lived_specific_interface_divergence,1.0,PARP1-linked cautious long-lived-specific candidate,top_interface_delta,interface_divergent_not_significant,1.2941332632390246,0.3840170889595347,1.0,1.0,25,53,3315,ok
priority_3: PARP1-linked cautious long-lived-specific candidate,7s68__D1_P09874--7s68__C1_P09874,7s68,receptor,A,B,naked_mole_rat,P09874,ENSHGLP00100023082.1,42,G,1.3225243091583252,10,long_lived_specific_interface_divergence,1.0,PARP1-linked cautious long-lived-specific candidate,top_interface_delta,interface_divergent_not_significant,1.2941332632390246,0.3840170889595347,1.0,1.0,25,53,3315,ok
priority_3: PARP1-linked cautious long-lived-specific candidate,7s68__D1_P09874--7s68__C1_P09874,7s68,receptor,A,B,naked_mole_rat,P09874,ENSHGLP00100023082.1,177,G,0.5273763537406921,11,long_lived_specific_interface_divergence,1.0,PARP1-linked cautious long-lived-specific candidate,top_interface_delta,interface_divergent_not_significant,1.2941332632390246,0.3840170889595347,1.0,1.0,25,53,3315,ok
priority_3: PARP1-linked cautious long-lived-specific candidate,7s68__D1_P09874--7s68__C1_P09874,7s68,receptor,A,B,naked_mole_rat,P09874,ENSHGLP00100023082.1,175,C,0.4879598021507263,12,long_lived_specific_interface_divergence,1.0,PARP1-linked cautious long-lived-specific candidate,top_interface_delta,interface_divergent_not_significant,1.2941332632390246,0.3840170889595347,1.0,1.0,25,53,3315,ok
priority_4: SIRT6-nucleosome maintained-interface candidate,8f86__K1_Q8N6T7--8f86__D1_P02281,8f86,receptor,K,D,myotis_lucifugus,Q8N6T7,G1PC24,173,L,0.1615764945745468,1,long_lived_specific_interface_constraint,3.0,SIRT6-nucleosome maintained-interface candidate,lowest_interface_delta,interface_constrained_not_significant,0.7459039145839998,-0.341342508598825,1.0,1.0,8,17,697,ok
priority_4: SIRT6-nucleosome maintained-interface candidate,8f86__K1_Q8N6T7--8f86__D1_P02281,8f86,receptor,K,D,myotis_lucifugus,Q8N6T7,G1PC24,174,R,0.1637261509895324,2,long_lived_specific_interface_constraint,3.0,SIRT6-nucleosome maintained-interface candidate,lowest_interface_delta,interface_constrained_not_significant,0.7459039145839998,-0.341342508598825,1.0,1.0,8,17,697,ok
priority_4: SIRT6-nucleosome maintained-interface candidate,8f86__K1_Q8N6T7--8f86__D1_P02281,8f86,receptor,K,D,myotis_lucifugus,Q8N6T7,G1PC24,175,A,0.1956679224967956,3,long_lived_specific_interface_constraint,3.0,SIRT6-nucleosome maintained-interface candidate,lowest_interface_delta,interface_constrained_not_significant,0.7459039145839998,-0.341342508598825,1.0,1.0,8,17,697,ok
priority_4: SIRT6-nucleosome maintained-interface candidate,8f86__K1_Q8N6T7--8f86__D1_P02281,8f86,receptor,K,D,myotis_lucifugus,Q8N6T7,G1PC24,177,R,0.1996616274118423,4,long_lived_specific_interface_constraint,3.0,SIRT6-nucleosome maintained-interface candidate,lowest_interface_delta,interface_constrained_not_significant,0.7459039145839998,-0.341342508598825,1.0,1.0,8,17,697,ok
priority_4: SIRT6-nucleosome maintained-interface candidate,8f86__K1_Q8N6T7--8f86__D1_P02281,8f86,receptor,K,D,myotis_lucifugus,Q8N6T7,G1PC24,169,K,0.2323194444179535,5,long_lived_specific_interface_constraint,3.0,SIRT6-nucleosome maintained-interface candidate,lowest_interface_delta,interface_constrained_not_significant,0.7459039145839998,-0.341342508598825,1.0,1.0,8,17,697,ok
priority_4: SIRT6-nucleosome maintained-interface candidate,8f86__K1_Q8N6T7--8f86__D1_P02281,8f86,receptor,K,D,myotis_lucifugus,Q8N6T7,G1PC24,171,R,0.2348717004060745,6,long_lived_specific_interface_constraint,3.0,SIRT6-nucleosome maintained-interface candidate,lowest_interface_delta,interface_constrained_not_significant,0.7459039145839998,-0.341342508598825,1.0,1.0,8,17,697,ok
priority_4: SIRT6-nucleosome maintained-interface candidate,8f86__K1_Q8N6T7--8f86__D1_P02281,8f86,receptor,K,D,myotis_lucifugus,Q8N6T7,G1PC24,170,A,0.2354659885168075,7,long_lived_specific_interface_constraint,3.0,SIRT6-nucleosome maintained-interface candidate,lowest_interface_delta,interface_constrained_not_significant,0.7459039145839998,-0.341342508598825,1.0,1.0,8,17,697,ok
priority_4: SIRT6-nucleosome maintained-interface candidate,8f86__K1_Q8N6T7--8f86__D1_P02281,8f86,receptor,K,D,myotis_lucifugus,Q8N6T7,G1PC24,172,G,0.2614181637763977,8,long_lived_specific_interface_constraint,3.0,SIRT6-nucleosome maintained-interface candidate,lowest_interface_delta,interface_constrained_not_significant,0.7459039145839998,-0.341342508598825,1.0,1.0,8,17,697,ok
priority_5: shared constrained-interface anchor,4xhu__A1_P09874--4xhu__B1_Q9UNS1,4xhu,receptor,C,D,mouse,P09874,Q921K2,207,P,0.1505355685949325,1,not_applicable,,shared constrained-interface anchor,lowest_interface_delta,interface_constrained,0.3909880881323075,-0.9141577542931532,1.0,1.0,43,30,2999,ok
priority_5: shared constrained-interface anchor,4xhu__A1_P09874--4xhu__B1_Q9UNS1,4xhu,receptor,C,D,mouse,P09874,Q921K2,220,I,0.1720118522644043,2,not_applicable,,shared constrained-interface anchor,lowest_interface_delta,interface_constrained,0.3909880881323075,-0.9141577542931532,1.0,1.0,43,30,2999,ok
priority_5: shared constrained-interface anchor,4xhu__A1_P09874--4xhu__B1_Q9UNS1,4xhu,receptor,C,D,mouse,P09874,Q921K2,204,I,0.1736793518066406,3,not_applicable,,shared constrained-interface anchor,lowest_interface_delta,interface_constrained,0.3909880881323075,-0.9141577542931532,1.0,1.0,43,30,2999,ok
priority_5: shared constrained-interface anchor,4xhu__A1_P09874--4xhu__B1_Q9UNS1,4xhu,receptor,C,D,mouse,P09874,Q921K2,219,G,0.1750660389661789,4,not_applicable,,shared constrained-interface anchor,lowest_interface_delta,interface_constrained,0.3909880881323075,-0.9141577542931532,1.0,1.0,43,30,2999,ok
priority_5: shared constrained-interface anchor,4xhu__A1_P09874--4xhu__B1_Q9UNS1,4xhu,receptor,C,D,mouse,P09874,Q921K2,218,K,0.1811742633581161,5,not_applicable,,shared constrained-interface anchor,lowest_interface_delta,interface_constrained,0.3909880881323075,-0.9141577542931532,1.0,1.0,43,30,2999,ok
priority_5: shared constrained-interface anchor,4xhu__A1_P09874--4xhu__B1_Q9UNS1,4xhu,receptor,C,D,mouse,P09874,Q921K2,203,R,0.1819148957729339,6,not_applicable,,shared constrained-interface anchor,lowest_interface_delta,interface_constrained,0.3909880881323075,-0.9141577542931532,1.0,1.0,43,30,2999,ok
priority_5: shared constrained-interface anchor,4xhu__A1_P09874--4xhu__B1_Q9UNS1,4xhu,receptor,C,D,mouse,P09874,Q921K2,201,G,0.1845736801624298,7,not_applicable,,shared constrained-interface anchor,lowest_interface_delta,interface_constrained,0.3909880881323075,-0.9141577542931532,1.0,1.0,43,30,2999,ok
priority_5: shared constrained-interface anchor,4xhu__A1_P09874--4xhu__B1_Q9UNS1,4xhu,receptor,C,D,mouse,P09874,Q921K2,252,G,0.1865514367818832,8,not_applicable,,shared constrained-interface anchor,lowest_interface_delta,interface_constrained,0.3909880881323075,-0.9141577542931532,1.0,1.0,43,30,2999,ok
priority_5: shared constrained-interface anchor,4xhu__A1_P09874--4xhu__B1_Q9UNS1,4xhu,receptor,C,D,mouse,P09874,Q921K2,202,L,0.1914268732070922,9,not_applicable,,shared constrained-interface anchor,lowest_interface_delta,interface_constrained,0.3909880881323075,-0.9141577542931532,1.0,1.0,43,30,2999,ok
priority_5: shared constrained-interface anchor,4xhu__A1_P09874--4xhu__B1_Q9UNS1,4xhu,receptor,C,D,mouse,P09874,Q921K2,315,V,0.1979049146175384,10,not_applicable,,shared constrained-interface anchor,lowest_interface_delta,interface_constrained,0.3909880881323075,-0.9141577542931532,1.0,1.0,43,30,2999,ok
priority_5: shared constrained-interface anchor,4xhu__A1_P09874--4xhu__B1_Q9UNS1,4xhu,receptor,C,D,mouse,P09874,Q921K2,317,D,0.2002910822629928,11,not_applicable,,shared constrained-interface anchor,lowest_interface_delta,interface_constrained,0.3909880881323075,-0.9141577542931532,1.0,1.0,43,30,2999,ok
priority_5: shared constrained-interface anchor,4xhu__A1_P09874--4xhu__B1_Q9UNS1,4xhu,receptor,C,D,mouse,P09874,Q921K2,208,E,0.2008114159107208,12,not_applicable,,shared constrained-interface anchor,lowest_interface_delta,interface_constrained,0.3909880881323075,-0.9141577542931532,1.0,1.0,43,30,2999,ok
priority_5: shared constrained-interface anchor,4xhu__A1_P09874--4xhu__B1_Q9UNS1,4xhu,receptor,C,D,myotis_lucifugus,P09874,G1PK82,207,P,0.1619712561368942,1,shared_interface_constraint,6.0,shared constrained-interface anchor,lowest_interface_delta,interface_constrained,0.4283021437908388,-1.011986257853046,1.0,1.0,43,30,2999,ok
priority_5: shared constrained-interface anchor,4xhu__A1_P09874--4xhu__B1_Q9UNS1,4xhu,receptor,C,D,myotis_lucifugus,P09874,G1PK82,218,K,0.1679220199584961,2,shared_interface_constraint,6.0,shared constrained-interface anchor,lowest_interface_delta,interface_constrained,0.4283021437908388,-1.011986257853046,1.0,1.0,43,30,2999,ok
priority_5: shared constrained-interface anchor,4xhu__A1_P09874--4xhu__B1_Q9UNS1,4xhu,receptor,C,D,myotis_lucifugus,P09874,G1PK82,201,G,0.1973510533571243,3,shared_interface_constraint,6.0,shared constrained-interface anchor,lowest_interface_delta,interface_constrained,0.4283021437908388,-1.011986257853046,1.0,1.0,43,30,2999,ok
priority_5: shared constrained-interface anchor,4xhu__A1_P09874--4xhu__B1_Q9UNS1,4xhu,receptor,C,D,myotis_lucifugus,P09874,G1PK82,203,R,0.2044724524021148,4,shared_interface_constraint,6.0,shared constrained-interface anchor,lowest_interface_delta,interface_constrained,0.4283021437908388,-1.011986257853046,1.0,1.0,43,30,2999,ok
priority_5: shared constrained-interface anchor,4xhu__A1_P09874--4xhu__B1_Q9UNS1,4xhu,receptor,C,D,myotis_lucifugus,P09874,G1PK82,219,G,0.2133843749761581,5,shared_interface_constraint,6.0,shared constrained-interface anchor,lowest_interface_delta,interface_constrained,0.4283021437908388,-1.011986257853046,1.0,1.0,43,30,2999,ok
priority_5: shared constrained-interface anchor,4xhu__A1_P09874--4xhu__B1_Q9UNS1,4xhu,receptor,C,D,myotis_lucifugus,P09874,G1PK82,251,L,0.2195353657007217,6,shared_interface_constraint,6.0,shared constrained-interface anchor,lowest_interface_delta,interface_constrained,0.4283021437908388,-1.011986257853046,1.0,1.0,43,30,2999,ok
priority_5: shared constrained-interface anchor,4xhu__A1_P09874--4xhu__B1_Q9UNS1,4xhu,receptor,C,D,myotis_lucifugus,P09874,G1PK82,220,I,0.2224559783935547,7,shared_interface_constraint,6.0,shared constrained-interface anchor,lowest_interface_delta,interface_constrained,0.4283021437908388,-1.011986257853046,1.0,1.0,43,30,2999,ok
priority_5: shared constrained-interface anchor,4xhu__A1_P09874--4xhu__B1_Q9UNS1,4xhu,receptor,C,D,myotis_lucifugus,P09874,G1PK82,208,E,0.2247417867183685,8,shared_interface_constraint,6.0,shared constrained-interface anchor,lowest_interface_delta,interface_constrained,0.4283021437908388,-1.011986257853046,1.0,1.0,43,30,2999,ok
priority_5: shared constrained-interface anchor,4xhu__A1_P09874--4xhu__B1_Q9UNS1,4xhu,receptor,C,D,myotis_lucifugus,P09874,G1PK82,202,L,0.2340390831232071,9,shared_interface_constraint,6.0,shared constrained-interface anchor,lowest_interface_delta,interface_constrained,0.4283021437908388,-1.011986257853046,1.0,1.0,43,30,2999,ok
priority_5: shared constrained-interface anchor,4xhu__A1_P09874--4xhu__B1_Q9UNS1,4xhu,receptor,C,D,myotis_lucifugus,P09874,G1PK82,200,Q,0.2376487553119659,10,shared_interface_constraint,6.0,shared constrained-interface anchor,lowest_interface_delta,interface_constrained,0.4283021437908388,-1.011986257853046,1.0,1.0,43,30,2999,ok
priority_5: shared constrained-interface anchor,4xhu__A1_P09874--4xhu__B1_Q9UNS1,4xhu,receptor,C,D,myotis_lucifugus,P09874,G1PK82,206,P,0.2502698302268982,11,shared_interface_constraint,6.0,shared constrained-interface anchor,lowest_interface_delta,interface_constrained,0.4283021437908388,-1.011986257853046,1.0,1.0,43,30,2999,ok
priority_5: shared constrained-interface anchor,4xhu__A1_P09874--4xhu__B1_Q9UNS1,4xhu,receptor,C,D,myotis_lucifugus,P09874,G1PK82,252,G,0.2602978050708771,12,shared_interface_constraint,6.0,shared constrained-interface anchor,lowest_interface_delta,interface_constrained,0.4283021437908388,-1.011986257853046,1.0,1.0,43,30,2999,ok
priority_5: shared constrained-interface anchor,4xhu__A1_P09874--4xhu__B1_Q9UNS1,4xhu,receptor,C,D,naked_mole_rat,P09874,ENSHGLP00100023082.1,207,P,0.1607988327741623,1,shared_interface_constraint,6.0,shared constrained-interface anchor,lowest_interface_delta,interface_constrained,0.3908893259290563,-0.930101090686991,1.0,1.0,43,30,2999,ok
priority_5: shared constrained-interface anchor,4xhu__A1_P09874--4xhu__B1_Q9UNS1,4xhu,receptor,C,D,naked_mole_rat,P09874,ENSHGLP00100023082.1,218,K,0.1670614629983902,2,shared_interface_constraint,6.0,shared constrained-interface anchor,lowest_interface_delta,interface_constrained,0.3908893259290563,-0.930101090686991,1.0,1.0,43,30,2999,ok
priority_5: shared constrained-interface anchor,4xhu__A1_P09874--4xhu__B1_Q9UNS1,4xhu,receptor,C,D,naked_mole_rat,P09874,ENSHGLP00100023082.1,220,I,0.1696889698505401,3,shared_interface_constraint,6.0,shared constrained-interface anchor,lowest_interface_delta,interface_constrained,0.3908893259290563,-0.930101090686991,1.0,1.0,43,30,2999,ok
priority_5: shared constrained-interface anchor,4xhu__A1_P09874--4xhu__B1_Q9UNS1,4xhu,receptor,C,D,naked_mole_rat,P09874,ENSHGLP00100023082.1,204,I,0.1776295155286789,4,shared_interface_constraint,6.0,shared constrained-interface anchor,lowest_interface_delta,interface_constrained,0.3908893259290563,-0.930101090686991,1.0,1.0,43,30,2999,ok
priority_5: shared constrained-interface anchor,4xhu__A1_P09874--4xhu__B1_Q9UNS1,4xhu,receptor,C,D,naked_mole_rat,P09874,ENSHGLP00100023082.1,203,R,0.1812603771686554,5,shared_interface_constraint,6.0,shared constrained-interface anchor,lowest_interface_delta,interface_constrained,0.3908893259290563,-0.930101090686991,1.0,1.0,43,30,2999,ok
priority_5: shared constrained-interface anchor,4xhu__A1_P09874--4xhu__B1_Q9UNS1,4xhu,receptor,C,D,naked_mole_rat,P09874,ENSHGLP00100023082.1,202,L,0.1894605308771133,6,shared_interface_constraint,6.0,shared constrained-interface anchor,lowest_interface_delta,interface_constrained,0.3908893259290563,-0.930101090686991,1.0,1.0,43,30,2999,ok
priority_5: shared constrained-interface anchor,4xhu__A1_P09874--4xhu__B1_Q9UNS1,4xhu,receptor,C,D,naked_mole_rat,P09874,ENSHGLP00100023082.1,219,G,0.1901464015245437,7,shared_interface_constraint,6.0,shared constrained-interface anchor,lowest_interface_delta,interface_constrained,0.3908893259290563,-0.930101090686991,1.0,1.0,43,30,2999,ok
priority_5: shared constrained-interface anchor,4xhu__A1_P09874--4xhu__B1_Q9UNS1,4xhu,receptor,C,D,naked_mole_rat,P09874,ENSHGLP00100023082.1,317,D,0.1916528195142746,8,shared_interface_constraint,6.0,shared constrained-interface anchor,lowest_interface_delta,interface_constrained,0.3908893259290563,-0.930101090686991,1.0,1.0,43,30,2999,ok
priority_5: shared constrained-interface anchor,4xhu__A1_P09874--4xhu__B1_Q9UNS1,4xhu,receptor,C,D,naked_mole_rat,P09874,ENSHGLP00100023082.1,201,G,0.1954459846019745,9,shared_interface_constraint,6.0,shared constrained-interface anchor,lowest_interface_delta,interface_constrained,0.3908893259290563,-0.930101090686991,1.0,1.0,43,30,2999,ok
priority_5: shared constrained-interface anchor,4xhu__A1_P09874--4xhu__B1_Q9UNS1,4xhu,receptor,C,D,naked_mole_rat,P09874,ENSHGLP00100023082.1,315,V,0.2002408653497696,10,shared_interface_constraint,6.0,shared constrained-interface anchor,lowest_interface_delta,interface_constrained,0.3908893259290563,-0.930101090686991,1.0,1.0,43,30,2999,ok
priority_5: shared constrained-interface anchor,4xhu__A1_P09874--4xhu__B1_Q9UNS1,4xhu,receptor,C,D,naked_mole_rat,P09874,ENSHGLP00100023082.1,253,N,0.2083907723426818,11,shared_interface_constraint,6.0,shared constrained-interface anchor,lowest_interface_delta,interface_constrained,0.3908893259290563,-0.930101090686991,1.0,1.0,43,30,2999,ok
priority_5: shared constrained-interface anchor,4xhu__A1_P09874--4xhu__B1_Q9UNS1,4xhu,receptor,C,D,naked_mole_rat,P09874,ENSHGLP00100023082.1,208,E,0.213796928524971,12,shared_interface_constraint,6.0,shared constrained-interface anchor,lowest_interface_delta,interface_constrained,0.3908893259290563,-0.930101090686991,1.0,1.0,43,30,2999,ok
priority_6: singleton divergent outlier / artifact-risk benchmark,8bhv__N1_P12956--8bhv__I1_Q9H9Q4,8bhv,ligand,Q,h,mouse,Q9H9Q4,NHEJ1_MOUSE,170,R,0.6287015676498413,1,not_applicable,,singleton divergent outlier / artifact-risk benchmark,top_interface_delta,interface_divergent,1.1781211360967956,0.38945747169403,1.0,1.0,23,7,1188,ok
priority_6: singleton divergent outlier / artifact-risk benchmark,8bhv__N1_P12956--8bhv__I1_Q9H9Q4,8bhv,ligand,Q,h,mouse,Q9H9Q4,NHEJ1_MOUSE,171,D,0.5827779173851013,2,not_applicable,,singleton divergent outlier / artifact-risk benchmark,top_interface_delta,interface_divergent,1.1781211360967956,0.38945747169403,1.0,1.0,23,7,1188,ok
priority_6: singleton divergent outlier / artifact-risk benchmark,8bhv__N1_P12956--8bhv__I1_Q9H9Q4,8bhv,ligand,Q,h,mouse,Q9H9Q4,NHEJ1_MOUSE,172,R,0.5561509132385254,3,not_applicable,,singleton divergent outlier / artifact-risk benchmark,top_interface_delta,interface_divergent,1.1781211360967956,0.38945747169403,1.0,1.0,23,7,1188,ok
priority_6: singleton divergent outlier / artifact-risk benchmark,8bhv__N1_P12956--8bhv__I1_Q9H9Q4,8bhv,ligand,Q,h,mouse,Q9H9Q4,NHEJ1_MOUSE,168,L,0.5226216912269592,4,not_applicable,,singleton divergent outlier / artifact-risk benchmark,top_interface_delta,interface_divergent,1.1781211360967956,0.38945747169403,1.0,1.0,23,7,1188,ok
priority_6: singleton divergent outlier / artifact-risk benchmark,8bhv__N1_P12956--8bhv__I1_Q9H9Q4,8bhv,ligand,Q,h,mouse,Q9H9Q4,NHEJ1_MOUSE,173,L,0.4549338519573211,5,not_applicable,,singleton divergent outlier / artifact-risk benchmark,top_interface_delta,interface_divergent,1.1781211360967956,0.38945747169403,1.0,1.0,23,7,1188,ok
priority_6: singleton divergent outlier / artifact-risk benchmark,8bhv__N1_P12956--8bhv__I1_Q9H9Q4,8bhv,ligand,Q,h,mouse,Q9H9Q4,NHEJ1_MOUSE,169,I,0.3903877735137939,6,not_applicable,,singleton divergent outlier / artifact-risk benchmark,top_interface_delta,interface_divergent,1.1781211360967956,0.38945747169403,1.0,1.0,23,7,1188,ok
priority_6: singleton divergent outlier / artifact-risk benchmark,8bhv__N1_P12956--8bhv__I1_Q9H9Q4,8bhv,ligand,Q,h,mouse,Q9H9Q4,NHEJ1_MOUSE,167,T,0.3779732584953308,7,not_applicable,,singleton divergent outlier / artifact-risk benchmark,top_interface_delta,interface_divergent,1.1781211360967956,0.38945747169403,1.0,1.0,23,7,1188,ok
priority_6: singleton divergent outlier / artifact-risk benchmark,8bhv__P1_P13010--8bhv__J1_Q9H9Q4,8bhv,ligand,R,j,mouse,Q9H9Q4,NHEJ1_MOUSE,221,R,1.049193263053894,1,not_applicable,,singleton divergent outlier / artifact-risk benchmark,top_interface_delta,interface_divergent,2.336554384630413,3.796028265035264,1.0,1.0,52,7,2310,ok
priority_6: singleton divergent outlier / artifact-risk benchmark,8bhv__P1_P13010--8bhv__J1_Q9H9Q4,8bhv,ligand,R,j,mouse,Q9H9Q4,NHEJ1_MOUSE,220,P,0.9897576570510864,2,not_applicable,,singleton divergent outlier / artifact-risk benchmark,top_interface_delta,interface_divergent,2.336554384630413,3.796028265035264,1.0,1.0,52,7,2310,ok
priority_6: singleton divergent outlier / artifact-risk benchmark,8bhv__P1_P13010--8bhv__J1_Q9H9Q4,8bhv,ligand,R,j,mouse,Q9H9Q4,NHEJ1_MOUSE,224,F,0.9189432263374328,3,not_applicable,,singleton divergent outlier / artifact-risk benchmark,top_interface_delta,interface_divergent,2.336554384630413,3.796028265035264,1.0,1.0,52,7,2310,ok
priority_6: singleton divergent outlier / artifact-risk benchmark,8bhv__P1_P13010--8bhv__J1_Q9H9Q4,8bhv,ligand,R,j,mouse,Q9H9Q4,NHEJ1_MOUSE,225,S,0.913525938987732,4,not_applicable,,singleton divergent outlier / artifact-risk benchmark,top_interface_delta,interface_divergent,2.336554384630413,3.796028265035264,1.0,1.0,52,7,2310,ok
priority_6: singleton divergent outlier / artifact-risk benchmark,8bhv__P1_P13010--8bhv__J1_Q9H9Q4,8bhv,ligand,R,j,mouse,Q9H9Q4,NHEJ1_MOUSE,222,G,0.8817331790924072,5,not_applicable,,singleton divergent outlier / artifact-risk benchmark,top_interface_delta,interface_divergent,2.336554384630413,3.796028265035264,1.0,1.0,52,7,2310,ok
priority_6: singleton divergent outlier / artifact-risk benchmark,8bhv__P1_P13010--8bhv__J1_Q9H9Q4,8bhv,ligand,R,j,mouse,Q9H9Q4,NHEJ1_MOUSE,223,L,0.8511963486671448,6,not_applicable,,singleton divergent outlier / artifact-risk benchmark,top_interface_delta,interface_divergent,2.336554384630413,3.796028265035264,1.0,1.0,52,7,2310,ok
priority_6: singleton divergent outlier / artifact-risk benchmark,8bhv__P1_P13010--8bhv__J1_Q9H9Q4,8bhv,ligand,R,j,mouse,Q9H9Q4,NHEJ1_MOUSE,219,K,0.7783082723617554,7,not_applicable,,singleton divergent outlier / artifact-risk benchmark,top_interface_delta,interface_divergent,2.336554384630413,3.796028265035264,1.0,1.0,52,7,2310,ok
