result_id,record_index,protein_role,uniprot,chain_id,chain_residue_count,interface_residue_count,chain_local_index,pdb_res_name,pdb_res_id,insertion_code,pdb_residue_label,structure_id,structure_model,distance_cutoff_angstrom,source_pdb_sha256,result_date
tp53_mdm2_first_human_reference_interface_residue_extraction_result,1,mdm2,Q00987,A,85,47,0,GLU,25,,GLU25,1YCR,1,8.0,7b4e503dea1fe3a6966b9676a1b98caf511c735cde01029cd0998e2319e75493,2026-07-14
tp53_mdm2_first_human_reference_interface_residue_extraction_result,2,mdm2,Q00987,A,85,47,1,THR,26,,THR26,1YCR,1,8.0,7b4e503dea1fe3a6966b9676a1b98caf511c735cde01029cd0998e2319e75493,2026-07-14
tp53_mdm2_first_human_reference_interface_residue_extraction_result,3,mdm2,Q00987,A,85,47,2,LEU,27,,LEU27,1YCR,1,8.0,7b4e503dea1fe3a6966b9676a1b98caf511c735cde01029cd0998e2319e75493,2026-07-14
tp53_mdm2_first_human_reference_interface_residue_extraction_result,4,mdm2,Q00987,A,85,47,3,VAL,28,,VAL28,1YCR,1,8.0,7b4e503dea1fe3a6966b9676a1b98caf511c735cde01029cd0998e2319e75493,2026-07-14
tp53_mdm2_first_human_reference_interface_residue_extraction_result,5,mdm2,Q00987,A,85,47,23,TYR,48,,TYR48,1YCR,1,8.0,7b4e503dea1fe3a6966b9676a1b98caf511c735cde01029cd0998e2319e75493,2026-07-14
tp53_mdm2_first_human_reference_interface_residue_extraction_result,6,mdm2,Q00987,A,85,47,24,THR,49,,THR49,1YCR,1,8.0,7b4e503dea1fe3a6966b9676a1b98caf511c735cde01029cd0998e2319e75493,2026-07-14
tp53_mdm2_first_human_reference_interface_residue_extraction_result,7,mdm2,Q00987,A,85,47,25,MET,50,,MET50,1YCR,1,8.0,7b4e503dea1fe3a6966b9676a1b98caf511c735cde01029cd0998e2319e75493,2026-07-14
tp53_mdm2_first_human_reference_interface_residue_extraction_result,8,mdm2,Q00987,A,85,47,26,LYS,51,,LYS51,1YCR,1,8.0,7b4e503dea1fe3a6966b9676a1b98caf511c735cde01029cd0998e2319e75493,2026-07-14
tp53_mdm2_first_human_reference_interface_residue_extraction_result,9,mdm2,Q00987,A,85,47,27,GLU,52,,GLU52,1YCR,1,8.0,7b4e503dea1fe3a6966b9676a1b98caf511c735cde01029cd0998e2319e75493,2026-07-14
tp53_mdm2_first_human_reference_interface_residue_extraction_result,10,mdm2,Q00987,A,85,47,28,VAL,53,,VAL53,1YCR,1,8.0,7b4e503dea1fe3a6966b9676a1b98caf511c735cde01029cd0998e2319e75493,2026-07-14
tp53_mdm2_first_human_reference_interface_residue_extraction_result,11,mdm2,Q00987,A,85,47,29,LEU,54,,LEU54,1YCR,1,8.0,7b4e503dea1fe3a6966b9676a1b98caf511c735cde01029cd0998e2319e75493,2026-07-14
tp53_mdm2_first_human_reference_interface_residue_extraction_result,12,mdm2,Q00987,A,85,47,30,PHE,55,,PHE55,1YCR,1,8.0,7b4e503dea1fe3a6966b9676a1b98caf511c735cde01029cd0998e2319e75493,2026-07-14
tp53_mdm2_first_human_reference_interface_residue_extraction_result,13,mdm2,Q00987,A,85,47,31,TYR,56,,TYR56,1YCR,1,8.0,7b4e503dea1fe3a6966b9676a1b98caf511c735cde01029cd0998e2319e75493,2026-07-14
tp53_mdm2_first_human_reference_interface_residue_extraction_result,14,mdm2,Q00987,A,85,47,32,LEU,57,,LEU57,1YCR,1,8.0,7b4e503dea1fe3a6966b9676a1b98caf511c735cde01029cd0998e2319e75493,2026-07-14
tp53_mdm2_first_human_reference_interface_residue_extraction_result,15,mdm2,Q00987,A,85,47,33,GLY,58,,GLY58,1YCR,1,8.0,7b4e503dea1fe3a6966b9676a1b98caf511c735cde01029cd0998e2319e75493,2026-07-14
tp53_mdm2_first_human_reference_interface_residue_extraction_result,16,mdm2,Q00987,A,85,47,34,GLN,59,,GLN59,1YCR,1,8.0,7b4e503dea1fe3a6966b9676a1b98caf511c735cde01029cd0998e2319e75493,2026-07-14
tp53_mdm2_first_human_reference_interface_residue_extraction_result,17,mdm2,Q00987,A,85,47,35,TYR,60,,TYR60,1YCR,1,8.0,7b4e503dea1fe3a6966b9676a1b98caf511c735cde01029cd0998e2319e75493,2026-07-14
tp53_mdm2_first_human_reference_interface_residue_extraction_result,18,mdm2,Q00987,A,85,47,36,ILE,61,,ILE61,1YCR,1,8.0,7b4e503dea1fe3a6966b9676a1b98caf511c735cde01029cd0998e2319e75493,2026-07-14
tp53_mdm2_first_human_reference_interface_residue_extraction_result,19,mdm2,Q00987,A,85,47,37,MET,62,,MET62,1YCR,1,8.0,7b4e503dea1fe3a6966b9676a1b98caf511c735cde01029cd0998e2319e75493,2026-07-14
tp53_mdm2_first_human_reference_interface_residue_extraction_result,20,mdm2,Q00987,A,85,47,38,THR,63,,THR63,1YCR,1,8.0,7b4e503dea1fe3a6966b9676a1b98caf511c735cde01029cd0998e2319e75493,2026-07-14
tp53_mdm2_first_human_reference_interface_residue_extraction_result,21,mdm2,Q00987,A,85,47,41,LEU,66,,LEU66,1YCR,1,8.0,7b4e503dea1fe3a6966b9676a1b98caf511c735cde01029cd0998e2319e75493,2026-07-14
tp53_mdm2_first_human_reference_interface_residue_extraction_result,22,mdm2,Q00987,A,85,47,42,TYR,67,,TYR67,1YCR,1,8.0,7b4e503dea1fe3a6966b9676a1b98caf511c735cde01029cd0998e2319e75493,2026-07-14
tp53_mdm2_first_human_reference_interface_residue_extraction_result,23,mdm2,Q00987,A,85,47,43,ASP,68,,ASP68,1YCR,1,8.0,7b4e503dea1fe3a6966b9676a1b98caf511c735cde01029cd0998e2319e75493,2026-07-14
tp53_mdm2_first_human_reference_interface_residue_extraction_result,24,mdm2,Q00987,A,85,47,44,GLU,69,,GLU69,1YCR,1,8.0,7b4e503dea1fe3a6966b9676a1b98caf511c735cde01029cd0998e2319e75493,2026-07-14
tp53_mdm2_first_human_reference_interface_residue_extraction_result,25,mdm2,Q00987,A,85,47,45,LYS,70,,LYS70,1YCR,1,8.0,7b4e503dea1fe3a6966b9676a1b98caf511c735cde01029cd0998e2319e75493,2026-07-14
tp53_mdm2_first_human_reference_interface_residue_extraction_result,26,mdm2,Q00987,A,85,47,46,GLN,71,,GLN71,1YCR,1,8.0,7b4e503dea1fe3a6966b9676a1b98caf511c735cde01029cd0998e2319e75493,2026-07-14
tp53_mdm2_first_human_reference_interface_residue_extraction_result,27,mdm2,Q00987,A,85,47,47,GLN,72,,GLN72,1YCR,1,8.0,7b4e503dea1fe3a6966b9676a1b98caf511c735cde01029cd0998e2319e75493,2026-07-14
tp53_mdm2_first_human_reference_interface_residue_extraction_result,28,mdm2,Q00987,A,85,47,48,HIS,73,,HIS73,1YCR,1,8.0,7b4e503dea1fe3a6966b9676a1b98caf511c735cde01029cd0998e2319e75493,2026-07-14
tp53_mdm2_first_human_reference_interface_residue_extraction_result,29,mdm2,Q00987,A,85,47,49,ILE,74,,ILE74,1YCR,1,8.0,7b4e503dea1fe3a6966b9676a1b98caf511c735cde01029cd0998e2319e75493,2026-07-14
tp53_mdm2_first_human_reference_interface_residue_extraction_result,30,mdm2,Q00987,A,85,47,50,VAL,75,,VAL75,1YCR,1,8.0,7b4e503dea1fe3a6966b9676a1b98caf511c735cde01029cd0998e2319e75493,2026-07-14
tp53_mdm2_first_human_reference_interface_residue_extraction_result,31,mdm2,Q00987,A,85,47,57,LEU,82,,LEU82,1YCR,1,8.0,7b4e503dea1fe3a6966b9676a1b98caf511c735cde01029cd0998e2319e75493,2026-07-14
tp53_mdm2_first_human_reference_interface_residue_extraction_result,32,mdm2,Q00987,A,85,47,61,PHE,86,,PHE86,1YCR,1,8.0,7b4e503dea1fe3a6966b9676a1b98caf511c735cde01029cd0998e2319e75493,2026-07-14
tp53_mdm2_first_human_reference_interface_residue_extraction_result,33,mdm2,Q00987,A,85,47,66,PHE,91,,PHE91,1YCR,1,8.0,7b4e503dea1fe3a6966b9676a1b98caf511c735cde01029cd0998e2319e75493,2026-07-14
tp53_mdm2_first_human_reference_interface_residue_extraction_result,34,mdm2,Q00987,A,85,47,67,SER,92,,SER92,1YCR,1,8.0,7b4e503dea1fe3a6966b9676a1b98caf511c735cde01029cd0998e2319e75493,2026-07-14
tp53_mdm2_first_human_reference_interface_residue_extraction_result,35,mdm2,Q00987,A,85,47,68,VAL,93,,VAL93,1YCR,1,8.0,7b4e503dea1fe3a6966b9676a1b98caf511c735cde01029cd0998e2319e75493,2026-07-14
tp53_mdm2_first_human_reference_interface_residue_extraction_result,36,mdm2,Q00987,A,85,47,69,LYS,94,,LYS94,1YCR,1,8.0,7b4e503dea1fe3a6966b9676a1b98caf511c735cde01029cd0998e2319e75493,2026-07-14
tp53_mdm2_first_human_reference_interface_residue_extraction_result,37,mdm2,Q00987,A,85,47,70,GLU,95,,GLU95,1YCR,1,8.0,7b4e503dea1fe3a6966b9676a1b98caf511c735cde01029cd0998e2319e75493,2026-07-14
tp53_mdm2_first_human_reference_interface_residue_extraction_result,38,mdm2,Q00987,A,85,47,71,HIS,96,,HIS96,1YCR,1,8.0,7b4e503dea1fe3a6966b9676a1b98caf511c735cde01029cd0998e2319e75493,2026-07-14
tp53_mdm2_first_human_reference_interface_residue_extraction_result,39,mdm2,Q00987,A,85,47,72,ARG,97,,ARG97,1YCR,1,8.0,7b4e503dea1fe3a6966b9676a1b98caf511c735cde01029cd0998e2319e75493,2026-07-14
tp53_mdm2_first_human_reference_interface_residue_extraction_result,40,mdm2,Q00987,A,85,47,73,LYS,98,,LYS98,1YCR,1,8.0,7b4e503dea1fe3a6966b9676a1b98caf511c735cde01029cd0998e2319e75493,2026-07-14
tp53_mdm2_first_human_reference_interface_residue_extraction_result,41,mdm2,Q00987,A,85,47,74,ILE,99,,ILE99,1YCR,1,8.0,7b4e503dea1fe3a6966b9676a1b98caf511c735cde01029cd0998e2319e75493,2026-07-14
tp53_mdm2_first_human_reference_interface_residue_extraction_result,42,mdm2,Q00987,A,85,47,75,TYR,100,,TYR100,1YCR,1,8.0,7b4e503dea1fe3a6966b9676a1b98caf511c735cde01029cd0998e2319e75493,2026-07-14
tp53_mdm2_first_human_reference_interface_residue_extraction_result,43,mdm2,Q00987,A,85,47,76,THR,101,,THR101,1YCR,1,8.0,7b4e503dea1fe3a6966b9676a1b98caf511c735cde01029cd0998e2319e75493,2026-07-14
tp53_mdm2_first_human_reference_interface_residue_extraction_result,44,mdm2,Q00987,A,85,47,78,ILE,103,,ILE103,1YCR,1,8.0,7b4e503dea1fe3a6966b9676a1b98caf511c735cde01029cd0998e2319e75493,2026-07-14
tp53_mdm2_first_human_reference_interface_residue_extraction_result,45,mdm2,Q00987,A,85,47,79,TYR,104,,TYR104,1YCR,1,8.0,7b4e503dea1fe3a6966b9676a1b98caf511c735cde01029cd0998e2319e75493,2026-07-14
tp53_mdm2_first_human_reference_interface_residue_extraction_result,46,mdm2,Q00987,A,85,47,82,LEU,107,,LEU107,1YCR,1,8.0,7b4e503dea1fe3a6966b9676a1b98caf511c735cde01029cd0998e2319e75493,2026-07-14
tp53_mdm2_first_human_reference_interface_residue_extraction_result,47,mdm2,Q00987,A,85,47,84,VAL,109,,VAL109,1YCR,1,8.0,7b4e503dea1fe3a6966b9676a1b98caf511c735cde01029cd0998e2319e75493,2026-07-14
tp53_mdm2_first_human_reference_interface_residue_extraction_result,48,tp53,P04637,B,13,13,0,GLU,17,,GLU17,1YCR,1,8.0,7b4e503dea1fe3a6966b9676a1b98caf511c735cde01029cd0998e2319e75493,2026-07-14
tp53_mdm2_first_human_reference_interface_residue_extraction_result,49,tp53,P04637,B,13,13,1,THR,18,,THR18,1YCR,1,8.0,7b4e503dea1fe3a6966b9676a1b98caf511c735cde01029cd0998e2319e75493,2026-07-14
tp53_mdm2_first_human_reference_interface_residue_extraction_result,50,tp53,P04637,B,13,13,2,PHE,19,,PHE19,1YCR,1,8.0,7b4e503dea1fe3a6966b9676a1b98caf511c735cde01029cd0998e2319e75493,2026-07-14
tp53_mdm2_first_human_reference_interface_residue_extraction_result,51,tp53,P04637,B,13,13,3,SER,20,,SER20,1YCR,1,8.0,7b4e503dea1fe3a6966b9676a1b98caf511c735cde01029cd0998e2319e75493,2026-07-14
tp53_mdm2_first_human_reference_interface_residue_extraction_result,52,tp53,P04637,B,13,13,4,ASP,21,,ASP21,1YCR,1,8.0,7b4e503dea1fe3a6966b9676a1b98caf511c735cde01029cd0998e2319e75493,2026-07-14
tp53_mdm2_first_human_reference_interface_residue_extraction_result,53,tp53,P04637,B,13,13,5,LEU,22,,LEU22,1YCR,1,8.0,7b4e503dea1fe3a6966b9676a1b98caf511c735cde01029cd0998e2319e75493,2026-07-14
tp53_mdm2_first_human_reference_interface_residue_extraction_result,54,tp53,P04637,B,13,13,6,TRP,23,,TRP23,1YCR,1,8.0,7b4e503dea1fe3a6966b9676a1b98caf511c735cde01029cd0998e2319e75493,2026-07-14
tp53_mdm2_first_human_reference_interface_residue_extraction_result,55,tp53,P04637,B,13,13,7,LYS,24,,LYS24,1YCR,1,8.0,7b4e503dea1fe3a6966b9676a1b98caf511c735cde01029cd0998e2319e75493,2026-07-14
tp53_mdm2_first_human_reference_interface_residue_extraction_result,56,tp53,P04637,B,13,13,8,LEU,25,,LEU25,1YCR,1,8.0,7b4e503dea1fe3a6966b9676a1b98caf511c735cde01029cd0998e2319e75493,2026-07-14
tp53_mdm2_first_human_reference_interface_residue_extraction_result,57,tp53,P04637,B,13,13,9,LEU,26,,LEU26,1YCR,1,8.0,7b4e503dea1fe3a6966b9676a1b98caf511c735cde01029cd0998e2319e75493,2026-07-14
tp53_mdm2_first_human_reference_interface_residue_extraction_result,58,tp53,P04637,B,13,13,10,PRO,27,,PRO27,1YCR,1,8.0,7b4e503dea1fe3a6966b9676a1b98caf511c735cde01029cd0998e2319e75493,2026-07-14
tp53_mdm2_first_human_reference_interface_residue_extraction_result,59,tp53,P04637,B,13,13,11,GLU,28,,GLU28,1YCR,1,8.0,7b4e503dea1fe3a6966b9676a1b98caf511c735cde01029cd0998e2319e75493,2026-07-14
tp53_mdm2_first_human_reference_interface_residue_extraction_result,60,tp53,P04637,B,13,13,12,ASN,29,,ASN29,1YCR,1,8.0,7b4e503dea1fe3a6966b9676a1b98caf511c735cde01029cd0998e2319e75493,2026-07-14
