mapping_contract_version,pdb_id,pdb_model,pdb_chain,pdb_sha256,chain_local_zero_based_index,pdb_residue_name,pdb_residue_number,pdb_insertion_code,pdb_residue_label,residue_one_letter,direct_full_length_zero_based_index,sequence_alignment_full_length_zero_based_index,full_length_one_based_position,q00987_sequence_sha256,direct_residue_identity_consistent,sequence_mapping_agrees_with_direct,mapping_source,mapping_status
1,1YCR,1,A,7b4e503dea1fe3a6966b9676a1b98caf511c735cde01029cd0998e2319e75493,0,GLU,25,none,GLU25,E,24,24,25,77ed25650e717b3f610e42ef8e5c1c88d50e7485725032f8535448a0ca8b61b1,true,true,RCSB_PDB_1YCR_DBREF_Q00987_17_125|official_RCSB_coordinates|official_UniProt_Q00987_sequence,audited_direct_dbref_and_unique_sequence_alignment_agree
1,1YCR,1,A,7b4e503dea1fe3a6966b9676a1b98caf511c735cde01029cd0998e2319e75493,1,THR,26,none,THR26,T,25,25,26,77ed25650e717b3f610e42ef8e5c1c88d50e7485725032f8535448a0ca8b61b1,true,true,RCSB_PDB_1YCR_DBREF_Q00987_17_125|official_RCSB_coordinates|official_UniProt_Q00987_sequence,audited_direct_dbref_and_unique_sequence_alignment_agree
1,1YCR,1,A,7b4e503dea1fe3a6966b9676a1b98caf511c735cde01029cd0998e2319e75493,2,LEU,27,none,LEU27,L,26,26,27,77ed25650e717b3f610e42ef8e5c1c88d50e7485725032f8535448a0ca8b61b1,true,true,RCSB_PDB_1YCR_DBREF_Q00987_17_125|official_RCSB_coordinates|official_UniProt_Q00987_sequence,audited_direct_dbref_and_unique_sequence_alignment_agree
1,1YCR,1,A,7b4e503dea1fe3a6966b9676a1b98caf511c735cde01029cd0998e2319e75493,3,VAL,28,none,VAL28,V,27,27,28,77ed25650e717b3f610e42ef8e5c1c88d50e7485725032f8535448a0ca8b61b1,true,true,RCSB_PDB_1YCR_DBREF_Q00987_17_125|official_RCSB_coordinates|official_UniProt_Q00987_sequence,audited_direct_dbref_and_unique_sequence_alignment_agree
1,1YCR,1,A,7b4e503dea1fe3a6966b9676a1b98caf511c735cde01029cd0998e2319e75493,4,ARG,29,none,ARG29,R,28,28,29,77ed25650e717b3f610e42ef8e5c1c88d50e7485725032f8535448a0ca8b61b1,true,true,RCSB_PDB_1YCR_DBREF_Q00987_17_125|official_RCSB_coordinates|official_UniProt_Q00987_sequence,audited_direct_dbref_and_unique_sequence_alignment_agree
1,1YCR,1,A,7b4e503dea1fe3a6966b9676a1b98caf511c735cde01029cd0998e2319e75493,5,PRO,30,none,PRO30,P,29,29,30,77ed25650e717b3f610e42ef8e5c1c88d50e7485725032f8535448a0ca8b61b1,true,true,RCSB_PDB_1YCR_DBREF_Q00987_17_125|official_RCSB_coordinates|official_UniProt_Q00987_sequence,audited_direct_dbref_and_unique_sequence_alignment_agree
1,1YCR,1,A,7b4e503dea1fe3a6966b9676a1b98caf511c735cde01029cd0998e2319e75493,6,LYS,31,none,LYS31,K,30,30,31,77ed25650e717b3f610e42ef8e5c1c88d50e7485725032f8535448a0ca8b61b1,true,true,RCSB_PDB_1YCR_DBREF_Q00987_17_125|official_RCSB_coordinates|official_UniProt_Q00987_sequence,audited_direct_dbref_and_unique_sequence_alignment_agree
1,1YCR,1,A,7b4e503dea1fe3a6966b9676a1b98caf511c735cde01029cd0998e2319e75493,7,PRO,32,none,PRO32,P,31,31,32,77ed25650e717b3f610e42ef8e5c1c88d50e7485725032f8535448a0ca8b61b1,true,true,RCSB_PDB_1YCR_DBREF_Q00987_17_125|official_RCSB_coordinates|official_UniProt_Q00987_sequence,audited_direct_dbref_and_unique_sequence_alignment_agree
1,1YCR,1,A,7b4e503dea1fe3a6966b9676a1b98caf511c735cde01029cd0998e2319e75493,8,LEU,33,none,LEU33,L,32,32,33,77ed25650e717b3f610e42ef8e5c1c88d50e7485725032f8535448a0ca8b61b1,true,true,RCSB_PDB_1YCR_DBREF_Q00987_17_125|official_RCSB_coordinates|official_UniProt_Q00987_sequence,audited_direct_dbref_and_unique_sequence_alignment_agree
1,1YCR,1,A,7b4e503dea1fe3a6966b9676a1b98caf511c735cde01029cd0998e2319e75493,9,LEU,34,none,LEU34,L,33,33,34,77ed25650e717b3f610e42ef8e5c1c88d50e7485725032f8535448a0ca8b61b1,true,true,RCSB_PDB_1YCR_DBREF_Q00987_17_125|official_RCSB_coordinates|official_UniProt_Q00987_sequence,audited_direct_dbref_and_unique_sequence_alignment_agree
1,1YCR,1,A,7b4e503dea1fe3a6966b9676a1b98caf511c735cde01029cd0998e2319e75493,10,LEU,35,none,LEU35,L,34,34,35,77ed25650e717b3f610e42ef8e5c1c88d50e7485725032f8535448a0ca8b61b1,true,true,RCSB_PDB_1YCR_DBREF_Q00987_17_125|official_RCSB_coordinates|official_UniProt_Q00987_sequence,audited_direct_dbref_and_unique_sequence_alignment_agree
1,1YCR,1,A,7b4e503dea1fe3a6966b9676a1b98caf511c735cde01029cd0998e2319e75493,11,LYS,36,none,LYS36,K,35,35,36,77ed25650e717b3f610e42ef8e5c1c88d50e7485725032f8535448a0ca8b61b1,true,true,RCSB_PDB_1YCR_DBREF_Q00987_17_125|official_RCSB_coordinates|official_UniProt_Q00987_sequence,audited_direct_dbref_and_unique_sequence_alignment_agree
1,1YCR,1,A,7b4e503dea1fe3a6966b9676a1b98caf511c735cde01029cd0998e2319e75493,12,LEU,37,none,LEU37,L,36,36,37,77ed25650e717b3f610e42ef8e5c1c88d50e7485725032f8535448a0ca8b61b1,true,true,RCSB_PDB_1YCR_DBREF_Q00987_17_125|official_RCSB_coordinates|official_UniProt_Q00987_sequence,audited_direct_dbref_and_unique_sequence_alignment_agree
1,1YCR,1,A,7b4e503dea1fe3a6966b9676a1b98caf511c735cde01029cd0998e2319e75493,13,LEU,38,none,LEU38,L,37,37,38,77ed25650e717b3f610e42ef8e5c1c88d50e7485725032f8535448a0ca8b61b1,true,true,RCSB_PDB_1YCR_DBREF_Q00987_17_125|official_RCSB_coordinates|official_UniProt_Q00987_sequence,audited_direct_dbref_and_unique_sequence_alignment_agree
1,1YCR,1,A,7b4e503dea1fe3a6966b9676a1b98caf511c735cde01029cd0998e2319e75493,14,LYS,39,none,LYS39,K,38,38,39,77ed25650e717b3f610e42ef8e5c1c88d50e7485725032f8535448a0ca8b61b1,true,true,RCSB_PDB_1YCR_DBREF_Q00987_17_125|official_RCSB_coordinates|official_UniProt_Q00987_sequence,audited_direct_dbref_and_unique_sequence_alignment_agree
1,1YCR,1,A,7b4e503dea1fe3a6966b9676a1b98caf511c735cde01029cd0998e2319e75493,15,SER,40,none,SER40,S,39,39,40,77ed25650e717b3f610e42ef8e5c1c88d50e7485725032f8535448a0ca8b61b1,true,true,RCSB_PDB_1YCR_DBREF_Q00987_17_125|official_RCSB_coordinates|official_UniProt_Q00987_sequence,audited_direct_dbref_and_unique_sequence_alignment_agree
1,1YCR,1,A,7b4e503dea1fe3a6966b9676a1b98caf511c735cde01029cd0998e2319e75493,16,VAL,41,none,VAL41,V,40,40,41,77ed25650e717b3f610e42ef8e5c1c88d50e7485725032f8535448a0ca8b61b1,true,true,RCSB_PDB_1YCR_DBREF_Q00987_17_125|official_RCSB_coordinates|official_UniProt_Q00987_sequence,audited_direct_dbref_and_unique_sequence_alignment_agree
1,1YCR,1,A,7b4e503dea1fe3a6966b9676a1b98caf511c735cde01029cd0998e2319e75493,17,GLY,42,none,GLY42,G,41,41,42,77ed25650e717b3f610e42ef8e5c1c88d50e7485725032f8535448a0ca8b61b1,true,true,RCSB_PDB_1YCR_DBREF_Q00987_17_125|official_RCSB_coordinates|official_UniProt_Q00987_sequence,audited_direct_dbref_and_unique_sequence_alignment_agree
1,1YCR,1,A,7b4e503dea1fe3a6966b9676a1b98caf511c735cde01029cd0998e2319e75493,18,ALA,43,none,ALA43,A,42,42,43,77ed25650e717b3f610e42ef8e5c1c88d50e7485725032f8535448a0ca8b61b1,true,true,RCSB_PDB_1YCR_DBREF_Q00987_17_125|official_RCSB_coordinates|official_UniProt_Q00987_sequence,audited_direct_dbref_and_unique_sequence_alignment_agree
1,1YCR,1,A,7b4e503dea1fe3a6966b9676a1b98caf511c735cde01029cd0998e2319e75493,19,GLN,44,none,GLN44,Q,43,43,44,77ed25650e717b3f610e42ef8e5c1c88d50e7485725032f8535448a0ca8b61b1,true,true,RCSB_PDB_1YCR_DBREF_Q00987_17_125|official_RCSB_coordinates|official_UniProt_Q00987_sequence,audited_direct_dbref_and_unique_sequence_alignment_agree
1,1YCR,1,A,7b4e503dea1fe3a6966b9676a1b98caf511c735cde01029cd0998e2319e75493,20,LYS,45,none,LYS45,K,44,44,45,77ed25650e717b3f610e42ef8e5c1c88d50e7485725032f8535448a0ca8b61b1,true,true,RCSB_PDB_1YCR_DBREF_Q00987_17_125|official_RCSB_coordinates|official_UniProt_Q00987_sequence,audited_direct_dbref_and_unique_sequence_alignment_agree
1,1YCR,1,A,7b4e503dea1fe3a6966b9676a1b98caf511c735cde01029cd0998e2319e75493,21,ASP,46,none,ASP46,D,45,45,46,77ed25650e717b3f610e42ef8e5c1c88d50e7485725032f8535448a0ca8b61b1,true,true,RCSB_PDB_1YCR_DBREF_Q00987_17_125|official_RCSB_coordinates|official_UniProt_Q00987_sequence,audited_direct_dbref_and_unique_sequence_alignment_agree
1,1YCR,1,A,7b4e503dea1fe3a6966b9676a1b98caf511c735cde01029cd0998e2319e75493,22,THR,47,none,THR47,T,46,46,47,77ed25650e717b3f610e42ef8e5c1c88d50e7485725032f8535448a0ca8b61b1,true,true,RCSB_PDB_1YCR_DBREF_Q00987_17_125|official_RCSB_coordinates|official_UniProt_Q00987_sequence,audited_direct_dbref_and_unique_sequence_alignment_agree
1,1YCR,1,A,7b4e503dea1fe3a6966b9676a1b98caf511c735cde01029cd0998e2319e75493,23,TYR,48,none,TYR48,Y,47,47,48,77ed25650e717b3f610e42ef8e5c1c88d50e7485725032f8535448a0ca8b61b1,true,true,RCSB_PDB_1YCR_DBREF_Q00987_17_125|official_RCSB_coordinates|official_UniProt_Q00987_sequence,audited_direct_dbref_and_unique_sequence_alignment_agree
1,1YCR,1,A,7b4e503dea1fe3a6966b9676a1b98caf511c735cde01029cd0998e2319e75493,24,THR,49,none,THR49,T,48,48,49,77ed25650e717b3f610e42ef8e5c1c88d50e7485725032f8535448a0ca8b61b1,true,true,RCSB_PDB_1YCR_DBREF_Q00987_17_125|official_RCSB_coordinates|official_UniProt_Q00987_sequence,audited_direct_dbref_and_unique_sequence_alignment_agree
1,1YCR,1,A,7b4e503dea1fe3a6966b9676a1b98caf511c735cde01029cd0998e2319e75493,25,MET,50,none,MET50,M,49,49,50,77ed25650e717b3f610e42ef8e5c1c88d50e7485725032f8535448a0ca8b61b1,true,true,RCSB_PDB_1YCR_DBREF_Q00987_17_125|official_RCSB_coordinates|official_UniProt_Q00987_sequence,audited_direct_dbref_and_unique_sequence_alignment_agree
1,1YCR,1,A,7b4e503dea1fe3a6966b9676a1b98caf511c735cde01029cd0998e2319e75493,26,LYS,51,none,LYS51,K,50,50,51,77ed25650e717b3f610e42ef8e5c1c88d50e7485725032f8535448a0ca8b61b1,true,true,RCSB_PDB_1YCR_DBREF_Q00987_17_125|official_RCSB_coordinates|official_UniProt_Q00987_sequence,audited_direct_dbref_and_unique_sequence_alignment_agree
1,1YCR,1,A,7b4e503dea1fe3a6966b9676a1b98caf511c735cde01029cd0998e2319e75493,27,GLU,52,none,GLU52,E,51,51,52,77ed25650e717b3f610e42ef8e5c1c88d50e7485725032f8535448a0ca8b61b1,true,true,RCSB_PDB_1YCR_DBREF_Q00987_17_125|official_RCSB_coordinates|official_UniProt_Q00987_sequence,audited_direct_dbref_and_unique_sequence_alignment_agree
1,1YCR,1,A,7b4e503dea1fe3a6966b9676a1b98caf511c735cde01029cd0998e2319e75493,28,VAL,53,none,VAL53,V,52,52,53,77ed25650e717b3f610e42ef8e5c1c88d50e7485725032f8535448a0ca8b61b1,true,true,RCSB_PDB_1YCR_DBREF_Q00987_17_125|official_RCSB_coordinates|official_UniProt_Q00987_sequence,audited_direct_dbref_and_unique_sequence_alignment_agree
1,1YCR,1,A,7b4e503dea1fe3a6966b9676a1b98caf511c735cde01029cd0998e2319e75493,29,LEU,54,none,LEU54,L,53,53,54,77ed25650e717b3f610e42ef8e5c1c88d50e7485725032f8535448a0ca8b61b1,true,true,RCSB_PDB_1YCR_DBREF_Q00987_17_125|official_RCSB_coordinates|official_UniProt_Q00987_sequence,audited_direct_dbref_and_unique_sequence_alignment_agree
1,1YCR,1,A,7b4e503dea1fe3a6966b9676a1b98caf511c735cde01029cd0998e2319e75493,30,PHE,55,none,PHE55,F,54,54,55,77ed25650e717b3f610e42ef8e5c1c88d50e7485725032f8535448a0ca8b61b1,true,true,RCSB_PDB_1YCR_DBREF_Q00987_17_125|official_RCSB_coordinates|official_UniProt_Q00987_sequence,audited_direct_dbref_and_unique_sequence_alignment_agree
1,1YCR,1,A,7b4e503dea1fe3a6966b9676a1b98caf511c735cde01029cd0998e2319e75493,31,TYR,56,none,TYR56,Y,55,55,56,77ed25650e717b3f610e42ef8e5c1c88d50e7485725032f8535448a0ca8b61b1,true,true,RCSB_PDB_1YCR_DBREF_Q00987_17_125|official_RCSB_coordinates|official_UniProt_Q00987_sequence,audited_direct_dbref_and_unique_sequence_alignment_agree
1,1YCR,1,A,7b4e503dea1fe3a6966b9676a1b98caf511c735cde01029cd0998e2319e75493,32,LEU,57,none,LEU57,L,56,56,57,77ed25650e717b3f610e42ef8e5c1c88d50e7485725032f8535448a0ca8b61b1,true,true,RCSB_PDB_1YCR_DBREF_Q00987_17_125|official_RCSB_coordinates|official_UniProt_Q00987_sequence,audited_direct_dbref_and_unique_sequence_alignment_agree
1,1YCR,1,A,7b4e503dea1fe3a6966b9676a1b98caf511c735cde01029cd0998e2319e75493,33,GLY,58,none,GLY58,G,57,57,58,77ed25650e717b3f610e42ef8e5c1c88d50e7485725032f8535448a0ca8b61b1,true,true,RCSB_PDB_1YCR_DBREF_Q00987_17_125|official_RCSB_coordinates|official_UniProt_Q00987_sequence,audited_direct_dbref_and_unique_sequence_alignment_agree
1,1YCR,1,A,7b4e503dea1fe3a6966b9676a1b98caf511c735cde01029cd0998e2319e75493,34,GLN,59,none,GLN59,Q,58,58,59,77ed25650e717b3f610e42ef8e5c1c88d50e7485725032f8535448a0ca8b61b1,true,true,RCSB_PDB_1YCR_DBREF_Q00987_17_125|official_RCSB_coordinates|official_UniProt_Q00987_sequence,audited_direct_dbref_and_unique_sequence_alignment_agree
1,1YCR,1,A,7b4e503dea1fe3a6966b9676a1b98caf511c735cde01029cd0998e2319e75493,35,TYR,60,none,TYR60,Y,59,59,60,77ed25650e717b3f610e42ef8e5c1c88d50e7485725032f8535448a0ca8b61b1,true,true,RCSB_PDB_1YCR_DBREF_Q00987_17_125|official_RCSB_coordinates|official_UniProt_Q00987_sequence,audited_direct_dbref_and_unique_sequence_alignment_agree
1,1YCR,1,A,7b4e503dea1fe3a6966b9676a1b98caf511c735cde01029cd0998e2319e75493,36,ILE,61,none,ILE61,I,60,60,61,77ed25650e717b3f610e42ef8e5c1c88d50e7485725032f8535448a0ca8b61b1,true,true,RCSB_PDB_1YCR_DBREF_Q00987_17_125|official_RCSB_coordinates|official_UniProt_Q00987_sequence,audited_direct_dbref_and_unique_sequence_alignment_agree
1,1YCR,1,A,7b4e503dea1fe3a6966b9676a1b98caf511c735cde01029cd0998e2319e75493,37,MET,62,none,MET62,M,61,61,62,77ed25650e717b3f610e42ef8e5c1c88d50e7485725032f8535448a0ca8b61b1,true,true,RCSB_PDB_1YCR_DBREF_Q00987_17_125|official_RCSB_coordinates|official_UniProt_Q00987_sequence,audited_direct_dbref_and_unique_sequence_alignment_agree
1,1YCR,1,A,7b4e503dea1fe3a6966b9676a1b98caf511c735cde01029cd0998e2319e75493,38,THR,63,none,THR63,T,62,62,63,77ed25650e717b3f610e42ef8e5c1c88d50e7485725032f8535448a0ca8b61b1,true,true,RCSB_PDB_1YCR_DBREF_Q00987_17_125|official_RCSB_coordinates|official_UniProt_Q00987_sequence,audited_direct_dbref_and_unique_sequence_alignment_agree
1,1YCR,1,A,7b4e503dea1fe3a6966b9676a1b98caf511c735cde01029cd0998e2319e75493,39,LYS,64,none,LYS64,K,63,63,64,77ed25650e717b3f610e42ef8e5c1c88d50e7485725032f8535448a0ca8b61b1,true,true,RCSB_PDB_1YCR_DBREF_Q00987_17_125|official_RCSB_coordinates|official_UniProt_Q00987_sequence,audited_direct_dbref_and_unique_sequence_alignment_agree
1,1YCR,1,A,7b4e503dea1fe3a6966b9676a1b98caf511c735cde01029cd0998e2319e75493,40,ARG,65,none,ARG65,R,64,64,65,77ed25650e717b3f610e42ef8e5c1c88d50e7485725032f8535448a0ca8b61b1,true,true,RCSB_PDB_1YCR_DBREF_Q00987_17_125|official_RCSB_coordinates|official_UniProt_Q00987_sequence,audited_direct_dbref_and_unique_sequence_alignment_agree
1,1YCR,1,A,7b4e503dea1fe3a6966b9676a1b98caf511c735cde01029cd0998e2319e75493,41,LEU,66,none,LEU66,L,65,65,66,77ed25650e717b3f610e42ef8e5c1c88d50e7485725032f8535448a0ca8b61b1,true,true,RCSB_PDB_1YCR_DBREF_Q00987_17_125|official_RCSB_coordinates|official_UniProt_Q00987_sequence,audited_direct_dbref_and_unique_sequence_alignment_agree
1,1YCR,1,A,7b4e503dea1fe3a6966b9676a1b98caf511c735cde01029cd0998e2319e75493,42,TYR,67,none,TYR67,Y,66,66,67,77ed25650e717b3f610e42ef8e5c1c88d50e7485725032f8535448a0ca8b61b1,true,true,RCSB_PDB_1YCR_DBREF_Q00987_17_125|official_RCSB_coordinates|official_UniProt_Q00987_sequence,audited_direct_dbref_and_unique_sequence_alignment_agree
1,1YCR,1,A,7b4e503dea1fe3a6966b9676a1b98caf511c735cde01029cd0998e2319e75493,43,ASP,68,none,ASP68,D,67,67,68,77ed25650e717b3f610e42ef8e5c1c88d50e7485725032f8535448a0ca8b61b1,true,true,RCSB_PDB_1YCR_DBREF_Q00987_17_125|official_RCSB_coordinates|official_UniProt_Q00987_sequence,audited_direct_dbref_and_unique_sequence_alignment_agree
1,1YCR,1,A,7b4e503dea1fe3a6966b9676a1b98caf511c735cde01029cd0998e2319e75493,44,GLU,69,none,GLU69,E,68,68,69,77ed25650e717b3f610e42ef8e5c1c88d50e7485725032f8535448a0ca8b61b1,true,true,RCSB_PDB_1YCR_DBREF_Q00987_17_125|official_RCSB_coordinates|official_UniProt_Q00987_sequence,audited_direct_dbref_and_unique_sequence_alignment_agree
1,1YCR,1,A,7b4e503dea1fe3a6966b9676a1b98caf511c735cde01029cd0998e2319e75493,45,LYS,70,none,LYS70,K,69,69,70,77ed25650e717b3f610e42ef8e5c1c88d50e7485725032f8535448a0ca8b61b1,true,true,RCSB_PDB_1YCR_DBREF_Q00987_17_125|official_RCSB_coordinates|official_UniProt_Q00987_sequence,audited_direct_dbref_and_unique_sequence_alignment_agree
1,1YCR,1,A,7b4e503dea1fe3a6966b9676a1b98caf511c735cde01029cd0998e2319e75493,46,GLN,71,none,GLN71,Q,70,70,71,77ed25650e717b3f610e42ef8e5c1c88d50e7485725032f8535448a0ca8b61b1,true,true,RCSB_PDB_1YCR_DBREF_Q00987_17_125|official_RCSB_coordinates|official_UniProt_Q00987_sequence,audited_direct_dbref_and_unique_sequence_alignment_agree
1,1YCR,1,A,7b4e503dea1fe3a6966b9676a1b98caf511c735cde01029cd0998e2319e75493,47,GLN,72,none,GLN72,Q,71,71,72,77ed25650e717b3f610e42ef8e5c1c88d50e7485725032f8535448a0ca8b61b1,true,true,RCSB_PDB_1YCR_DBREF_Q00987_17_125|official_RCSB_coordinates|official_UniProt_Q00987_sequence,audited_direct_dbref_and_unique_sequence_alignment_agree
1,1YCR,1,A,7b4e503dea1fe3a6966b9676a1b98caf511c735cde01029cd0998e2319e75493,48,HIS,73,none,HIS73,H,72,72,73,77ed25650e717b3f610e42ef8e5c1c88d50e7485725032f8535448a0ca8b61b1,true,true,RCSB_PDB_1YCR_DBREF_Q00987_17_125|official_RCSB_coordinates|official_UniProt_Q00987_sequence,audited_direct_dbref_and_unique_sequence_alignment_agree
1,1YCR,1,A,7b4e503dea1fe3a6966b9676a1b98caf511c735cde01029cd0998e2319e75493,49,ILE,74,none,ILE74,I,73,73,74,77ed25650e717b3f610e42ef8e5c1c88d50e7485725032f8535448a0ca8b61b1,true,true,RCSB_PDB_1YCR_DBREF_Q00987_17_125|official_RCSB_coordinates|official_UniProt_Q00987_sequence,audited_direct_dbref_and_unique_sequence_alignment_agree
1,1YCR,1,A,7b4e503dea1fe3a6966b9676a1b98caf511c735cde01029cd0998e2319e75493,50,VAL,75,none,VAL75,V,74,74,75,77ed25650e717b3f610e42ef8e5c1c88d50e7485725032f8535448a0ca8b61b1,true,true,RCSB_PDB_1YCR_DBREF_Q00987_17_125|official_RCSB_coordinates|official_UniProt_Q00987_sequence,audited_direct_dbref_and_unique_sequence_alignment_agree
1,1YCR,1,A,7b4e503dea1fe3a6966b9676a1b98caf511c735cde01029cd0998e2319e75493,51,TYR,76,none,TYR76,Y,75,75,76,77ed25650e717b3f610e42ef8e5c1c88d50e7485725032f8535448a0ca8b61b1,true,true,RCSB_PDB_1YCR_DBREF_Q00987_17_125|official_RCSB_coordinates|official_UniProt_Q00987_sequence,audited_direct_dbref_and_unique_sequence_alignment_agree
1,1YCR,1,A,7b4e503dea1fe3a6966b9676a1b98caf511c735cde01029cd0998e2319e75493,52,CYS,77,none,CYS77,C,76,76,77,77ed25650e717b3f610e42ef8e5c1c88d50e7485725032f8535448a0ca8b61b1,true,true,RCSB_PDB_1YCR_DBREF_Q00987_17_125|official_RCSB_coordinates|official_UniProt_Q00987_sequence,audited_direct_dbref_and_unique_sequence_alignment_agree
1,1YCR,1,A,7b4e503dea1fe3a6966b9676a1b98caf511c735cde01029cd0998e2319e75493,53,SER,78,none,SER78,S,77,77,78,77ed25650e717b3f610e42ef8e5c1c88d50e7485725032f8535448a0ca8b61b1,true,true,RCSB_PDB_1YCR_DBREF_Q00987_17_125|official_RCSB_coordinates|official_UniProt_Q00987_sequence,audited_direct_dbref_and_unique_sequence_alignment_agree
1,1YCR,1,A,7b4e503dea1fe3a6966b9676a1b98caf511c735cde01029cd0998e2319e75493,54,ASN,79,none,ASN79,N,78,78,79,77ed25650e717b3f610e42ef8e5c1c88d50e7485725032f8535448a0ca8b61b1,true,true,RCSB_PDB_1YCR_DBREF_Q00987_17_125|official_RCSB_coordinates|official_UniProt_Q00987_sequence,audited_direct_dbref_and_unique_sequence_alignment_agree
1,1YCR,1,A,7b4e503dea1fe3a6966b9676a1b98caf511c735cde01029cd0998e2319e75493,55,ASP,80,none,ASP80,D,79,79,80,77ed25650e717b3f610e42ef8e5c1c88d50e7485725032f8535448a0ca8b61b1,true,true,RCSB_PDB_1YCR_DBREF_Q00987_17_125|official_RCSB_coordinates|official_UniProt_Q00987_sequence,audited_direct_dbref_and_unique_sequence_alignment_agree
1,1YCR,1,A,7b4e503dea1fe3a6966b9676a1b98caf511c735cde01029cd0998e2319e75493,56,LEU,81,none,LEU81,L,80,80,81,77ed25650e717b3f610e42ef8e5c1c88d50e7485725032f8535448a0ca8b61b1,true,true,RCSB_PDB_1YCR_DBREF_Q00987_17_125|official_RCSB_coordinates|official_UniProt_Q00987_sequence,audited_direct_dbref_and_unique_sequence_alignment_agree
1,1YCR,1,A,7b4e503dea1fe3a6966b9676a1b98caf511c735cde01029cd0998e2319e75493,57,LEU,82,none,LEU82,L,81,81,82,77ed25650e717b3f610e42ef8e5c1c88d50e7485725032f8535448a0ca8b61b1,true,true,RCSB_PDB_1YCR_DBREF_Q00987_17_125|official_RCSB_coordinates|official_UniProt_Q00987_sequence,audited_direct_dbref_and_unique_sequence_alignment_agree
1,1YCR,1,A,7b4e503dea1fe3a6966b9676a1b98caf511c735cde01029cd0998e2319e75493,58,GLY,83,none,GLY83,G,82,82,83,77ed25650e717b3f610e42ef8e5c1c88d50e7485725032f8535448a0ca8b61b1,true,true,RCSB_PDB_1YCR_DBREF_Q00987_17_125|official_RCSB_coordinates|official_UniProt_Q00987_sequence,audited_direct_dbref_and_unique_sequence_alignment_agree
1,1YCR,1,A,7b4e503dea1fe3a6966b9676a1b98caf511c735cde01029cd0998e2319e75493,59,ASP,84,none,ASP84,D,83,83,84,77ed25650e717b3f610e42ef8e5c1c88d50e7485725032f8535448a0ca8b61b1,true,true,RCSB_PDB_1YCR_DBREF_Q00987_17_125|official_RCSB_coordinates|official_UniProt_Q00987_sequence,audited_direct_dbref_and_unique_sequence_alignment_agree
1,1YCR,1,A,7b4e503dea1fe3a6966b9676a1b98caf511c735cde01029cd0998e2319e75493,60,LEU,85,none,LEU85,L,84,84,85,77ed25650e717b3f610e42ef8e5c1c88d50e7485725032f8535448a0ca8b61b1,true,true,RCSB_PDB_1YCR_DBREF_Q00987_17_125|official_RCSB_coordinates|official_UniProt_Q00987_sequence,audited_direct_dbref_and_unique_sequence_alignment_agree
1,1YCR,1,A,7b4e503dea1fe3a6966b9676a1b98caf511c735cde01029cd0998e2319e75493,61,PHE,86,none,PHE86,F,85,85,86,77ed25650e717b3f610e42ef8e5c1c88d50e7485725032f8535448a0ca8b61b1,true,true,RCSB_PDB_1YCR_DBREF_Q00987_17_125|official_RCSB_coordinates|official_UniProt_Q00987_sequence,audited_direct_dbref_and_unique_sequence_alignment_agree
1,1YCR,1,A,7b4e503dea1fe3a6966b9676a1b98caf511c735cde01029cd0998e2319e75493,62,GLY,87,none,GLY87,G,86,86,87,77ed25650e717b3f610e42ef8e5c1c88d50e7485725032f8535448a0ca8b61b1,true,true,RCSB_PDB_1YCR_DBREF_Q00987_17_125|official_RCSB_coordinates|official_UniProt_Q00987_sequence,audited_direct_dbref_and_unique_sequence_alignment_agree
1,1YCR,1,A,7b4e503dea1fe3a6966b9676a1b98caf511c735cde01029cd0998e2319e75493,63,VAL,88,none,VAL88,V,87,87,88,77ed25650e717b3f610e42ef8e5c1c88d50e7485725032f8535448a0ca8b61b1,true,true,RCSB_PDB_1YCR_DBREF_Q00987_17_125|official_RCSB_coordinates|official_UniProt_Q00987_sequence,audited_direct_dbref_and_unique_sequence_alignment_agree
1,1YCR,1,A,7b4e503dea1fe3a6966b9676a1b98caf511c735cde01029cd0998e2319e75493,64,PRO,89,none,PRO89,P,88,88,89,77ed25650e717b3f610e42ef8e5c1c88d50e7485725032f8535448a0ca8b61b1,true,true,RCSB_PDB_1YCR_DBREF_Q00987_17_125|official_RCSB_coordinates|official_UniProt_Q00987_sequence,audited_direct_dbref_and_unique_sequence_alignment_agree
1,1YCR,1,A,7b4e503dea1fe3a6966b9676a1b98caf511c735cde01029cd0998e2319e75493,65,SER,90,none,SER90,S,89,89,90,77ed25650e717b3f610e42ef8e5c1c88d50e7485725032f8535448a0ca8b61b1,true,true,RCSB_PDB_1YCR_DBREF_Q00987_17_125|official_RCSB_coordinates|official_UniProt_Q00987_sequence,audited_direct_dbref_and_unique_sequence_alignment_agree
1,1YCR,1,A,7b4e503dea1fe3a6966b9676a1b98caf511c735cde01029cd0998e2319e75493,66,PHE,91,none,PHE91,F,90,90,91,77ed25650e717b3f610e42ef8e5c1c88d50e7485725032f8535448a0ca8b61b1,true,true,RCSB_PDB_1YCR_DBREF_Q00987_17_125|official_RCSB_coordinates|official_UniProt_Q00987_sequence,audited_direct_dbref_and_unique_sequence_alignment_agree
1,1YCR,1,A,7b4e503dea1fe3a6966b9676a1b98caf511c735cde01029cd0998e2319e75493,67,SER,92,none,SER92,S,91,91,92,77ed25650e717b3f610e42ef8e5c1c88d50e7485725032f8535448a0ca8b61b1,true,true,RCSB_PDB_1YCR_DBREF_Q00987_17_125|official_RCSB_coordinates|official_UniProt_Q00987_sequence,audited_direct_dbref_and_unique_sequence_alignment_agree
1,1YCR,1,A,7b4e503dea1fe3a6966b9676a1b98caf511c735cde01029cd0998e2319e75493,68,VAL,93,none,VAL93,V,92,92,93,77ed25650e717b3f610e42ef8e5c1c88d50e7485725032f8535448a0ca8b61b1,true,true,RCSB_PDB_1YCR_DBREF_Q00987_17_125|official_RCSB_coordinates|official_UniProt_Q00987_sequence,audited_direct_dbref_and_unique_sequence_alignment_agree
1,1YCR,1,A,7b4e503dea1fe3a6966b9676a1b98caf511c735cde01029cd0998e2319e75493,69,LYS,94,none,LYS94,K,93,93,94,77ed25650e717b3f610e42ef8e5c1c88d50e7485725032f8535448a0ca8b61b1,true,true,RCSB_PDB_1YCR_DBREF_Q00987_17_125|official_RCSB_coordinates|official_UniProt_Q00987_sequence,audited_direct_dbref_and_unique_sequence_alignment_agree
1,1YCR,1,A,7b4e503dea1fe3a6966b9676a1b98caf511c735cde01029cd0998e2319e75493,70,GLU,95,none,GLU95,E,94,94,95,77ed25650e717b3f610e42ef8e5c1c88d50e7485725032f8535448a0ca8b61b1,true,true,RCSB_PDB_1YCR_DBREF_Q00987_17_125|official_RCSB_coordinates|official_UniProt_Q00987_sequence,audited_direct_dbref_and_unique_sequence_alignment_agree
1,1YCR,1,A,7b4e503dea1fe3a6966b9676a1b98caf511c735cde01029cd0998e2319e75493,71,HIS,96,none,HIS96,H,95,95,96,77ed25650e717b3f610e42ef8e5c1c88d50e7485725032f8535448a0ca8b61b1,true,true,RCSB_PDB_1YCR_DBREF_Q00987_17_125|official_RCSB_coordinates|official_UniProt_Q00987_sequence,audited_direct_dbref_and_unique_sequence_alignment_agree
1,1YCR,1,A,7b4e503dea1fe3a6966b9676a1b98caf511c735cde01029cd0998e2319e75493,72,ARG,97,none,ARG97,R,96,96,97,77ed25650e717b3f610e42ef8e5c1c88d50e7485725032f8535448a0ca8b61b1,true,true,RCSB_PDB_1YCR_DBREF_Q00987_17_125|official_RCSB_coordinates|official_UniProt_Q00987_sequence,audited_direct_dbref_and_unique_sequence_alignment_agree
1,1YCR,1,A,7b4e503dea1fe3a6966b9676a1b98caf511c735cde01029cd0998e2319e75493,73,LYS,98,none,LYS98,K,97,97,98,77ed25650e717b3f610e42ef8e5c1c88d50e7485725032f8535448a0ca8b61b1,true,true,RCSB_PDB_1YCR_DBREF_Q00987_17_125|official_RCSB_coordinates|official_UniProt_Q00987_sequence,audited_direct_dbref_and_unique_sequence_alignment_agree
1,1YCR,1,A,7b4e503dea1fe3a6966b9676a1b98caf511c735cde01029cd0998e2319e75493,74,ILE,99,none,ILE99,I,98,98,99,77ed25650e717b3f610e42ef8e5c1c88d50e7485725032f8535448a0ca8b61b1,true,true,RCSB_PDB_1YCR_DBREF_Q00987_17_125|official_RCSB_coordinates|official_UniProt_Q00987_sequence,audited_direct_dbref_and_unique_sequence_alignment_agree
1,1YCR,1,A,7b4e503dea1fe3a6966b9676a1b98caf511c735cde01029cd0998e2319e75493,75,TYR,100,none,TYR100,Y,99,99,100,77ed25650e717b3f610e42ef8e5c1c88d50e7485725032f8535448a0ca8b61b1,true,true,RCSB_PDB_1YCR_DBREF_Q00987_17_125|official_RCSB_coordinates|official_UniProt_Q00987_sequence,audited_direct_dbref_and_unique_sequence_alignment_agree
1,1YCR,1,A,7b4e503dea1fe3a6966b9676a1b98caf511c735cde01029cd0998e2319e75493,76,THR,101,none,THR101,T,100,100,101,77ed25650e717b3f610e42ef8e5c1c88d50e7485725032f8535448a0ca8b61b1,true,true,RCSB_PDB_1YCR_DBREF_Q00987_17_125|official_RCSB_coordinates|official_UniProt_Q00987_sequence,audited_direct_dbref_and_unique_sequence_alignment_agree
1,1YCR,1,A,7b4e503dea1fe3a6966b9676a1b98caf511c735cde01029cd0998e2319e75493,77,MET,102,none,MET102,M,101,101,102,77ed25650e717b3f610e42ef8e5c1c88d50e7485725032f8535448a0ca8b61b1,true,true,RCSB_PDB_1YCR_DBREF_Q00987_17_125|official_RCSB_coordinates|official_UniProt_Q00987_sequence,audited_direct_dbref_and_unique_sequence_alignment_agree
1,1YCR,1,A,7b4e503dea1fe3a6966b9676a1b98caf511c735cde01029cd0998e2319e75493,78,ILE,103,none,ILE103,I,102,102,103,77ed25650e717b3f610e42ef8e5c1c88d50e7485725032f8535448a0ca8b61b1,true,true,RCSB_PDB_1YCR_DBREF_Q00987_17_125|official_RCSB_coordinates|official_UniProt_Q00987_sequence,audited_direct_dbref_and_unique_sequence_alignment_agree
1,1YCR,1,A,7b4e503dea1fe3a6966b9676a1b98caf511c735cde01029cd0998e2319e75493,79,TYR,104,none,TYR104,Y,103,103,104,77ed25650e717b3f610e42ef8e5c1c88d50e7485725032f8535448a0ca8b61b1,true,true,RCSB_PDB_1YCR_DBREF_Q00987_17_125|official_RCSB_coordinates|official_UniProt_Q00987_sequence,audited_direct_dbref_and_unique_sequence_alignment_agree
1,1YCR,1,A,7b4e503dea1fe3a6966b9676a1b98caf511c735cde01029cd0998e2319e75493,80,ARG,105,none,ARG105,R,104,104,105,77ed25650e717b3f610e42ef8e5c1c88d50e7485725032f8535448a0ca8b61b1,true,true,RCSB_PDB_1YCR_DBREF_Q00987_17_125|official_RCSB_coordinates|official_UniProt_Q00987_sequence,audited_direct_dbref_and_unique_sequence_alignment_agree
1,1YCR,1,A,7b4e503dea1fe3a6966b9676a1b98caf511c735cde01029cd0998e2319e75493,81,ASN,106,none,ASN106,N,105,105,106,77ed25650e717b3f610e42ef8e5c1c88d50e7485725032f8535448a0ca8b61b1,true,true,RCSB_PDB_1YCR_DBREF_Q00987_17_125|official_RCSB_coordinates|official_UniProt_Q00987_sequence,audited_direct_dbref_and_unique_sequence_alignment_agree
1,1YCR,1,A,7b4e503dea1fe3a6966b9676a1b98caf511c735cde01029cd0998e2319e75493,82,LEU,107,none,LEU107,L,106,106,107,77ed25650e717b3f610e42ef8e5c1c88d50e7485725032f8535448a0ca8b61b1,true,true,RCSB_PDB_1YCR_DBREF_Q00987_17_125|official_RCSB_coordinates|official_UniProt_Q00987_sequence,audited_direct_dbref_and_unique_sequence_alignment_agree
1,1YCR,1,A,7b4e503dea1fe3a6966b9676a1b98caf511c735cde01029cd0998e2319e75493,83,VAL,108,none,VAL108,V,107,107,108,77ed25650e717b3f610e42ef8e5c1c88d50e7485725032f8535448a0ca8b61b1,true,true,RCSB_PDB_1YCR_DBREF_Q00987_17_125|official_RCSB_coordinates|official_UniProt_Q00987_sequence,audited_direct_dbref_and_unique_sequence_alignment_agree
1,1YCR,1,A,7b4e503dea1fe3a6966b9676a1b98caf511c735cde01029cd0998e2319e75493,84,VAL,109,none,VAL109,V,108,108,109,77ed25650e717b3f610e42ef8e5c1c88d50e7485725032f8535448a0ca8b61b1,true,true,RCSB_PDB_1YCR_DBREF_Q00987_17_125|official_RCSB_coordinates|official_UniProt_Q00987_sequence,audited_direct_dbref_and_unique_sequence_alignment_agree
